Year,NOC,Gold,Silver,Bronze,Total
1896,Australia,2,0,0,2
1896,Austria,2,1,2,5
1896,Denmark,1,2,3,6
1896,France,5,4,2,11
1896,Germany,6,5,2,13
1896,Greece,10,18,19,47
1896,Hungary,2,1,3,6
1896,Switzerland,1,2,0,3
1896,United Kingdom,2,3,2,7
1896,United States,11,7,2,20
1896,Belgium,0,0,0,0
1896,Canada,0,0,0,0
1896,Cuba,0,0,0,0
1896,India,0,0,0,0
1896,Italy,0,0,0,0
1896,Luxembourg,0,0,0,0
1896,Netherlands,0,0,0,0
1896,Norway,0,0,0,0
1896,Spain,0,0,0,0
1896,Sweden,0,0,0,0
1896,Finland,0,0,0,0
1896,South Africa,0,0,0,0
1896,Brazil,0,0,0,0
1896,Estonia,0,0,0,0
1896,Japan,0,0,0,0
1896,New Zealand,0,0,0,0
1896,Argentina,0,0,0,0
1896,Haiti,0,0,0,0
1896,Poland,0,0,0,0
1896,Portugal,0,0,0,0
1896,Romania,0,0,0,0
1896,Uruguay,0,0,0,0
1896,Chile,0,0,0,0
1896,Egypt,0,0,0,0
1896,Ireland,0,0,0,0
1896,Philippines,0,0,0,0
1896,Latvia,0,0,0,0
1896,Mexico,0,0,0,0
1896,Turkey,0,0,0,0
1896,Iran,0,0,0,0
1896,Jamaica,0,0,0,0
1896,Panama,0,0,0,0
1896,Peru,0,0,0,0
1896,Puerto Rico,0,0,0,0
1896,South Korea,0,0,0,0
1896,Sri Lanka,0,0,0,0
1896,Trinidad And Tobago,0,0,0,0
1896,Bulgaria,0,0,0,0
1896,Lebanon,0,0,0,0
1896,Venezuela,0,0,0,0
1896,Bahamas,0,0,0,0
1896,Iceland,0,0,0,0
1896,Pakistan,0,0,0,0
1896,United Team Of Germany,0,0,0,0
1896,Chinese Taipei,0,0,0,0
1896,Ethiopia,0,0,0,0
1896,Ghana,0,0,0,0
1896,Iraq,0,0,0,0
1896,Morocco,0,0,0,0
1896,Singapore,0,0,0,0
1896,Kenya,0,0,0,0
1896,Nigeria,0,0,0,0
1896,Tunisia,0,0,0,0
1896,Cameroon,0,0,0,0
1896,East Germany,0,0,0,0
1896,Mongolia,0,0,0,0
1896,Taiwan,0,0,0,0
1896,Uganda,0,0,0,0
1896,Colombia,0,0,0,0
1896,Niger,0,0,0,0
1896,North Korea,0,0,0,0
1896,Bermuda,0,0,0,0
1896,Thailand,0,0,0,0
1896,Guyana,0,0,0,0
1896,Tanzania,0,0,0,0
1896,Zimbabwe,0,0,0,0
1896,Algeria,0,0,0,0
1896,China,0,0,0,0
1896,Dominican Republic,0,0,0,0
1896,Ivory Coast,0,0,0,0
1896,Syria,0,0,0,0
1896,Zambia,0,0,0,0
1896,Costa Rica,0,0,0,0
1896,Djibouti,0,0,0,0
1896,Indonesia,0,0,0,0
1896,Senegal,0,0,0,0
1896,Suriname,0,0,0,0
1896,Virgin Islands,0,0,0,0
1896,Croatia,0,0,0,0
1896,Israel,0,0,0,0
1896,Lithuania,0,0,0,0
1896,Malaysia,0,0,0,0
1896,Namibia,0,0,0,0
1896,Qatar,0,0,0,0
1896,Slovenia,0,0,0,0
1896,Armenia,0,0,0,0
1896,Azerbaijan,0,0,0,0
1896,Belarus,0,0,0,0
1896,Burundi,0,0,0,0
1896,Czech Republic,0,0,0,0
1896,Ecuador,0,0,0,0
1896,Georgia,0,0,0,0
1896,Hong Kong,0,0,0,0
1896,Kazakhstan,0,0,0,0
1896,Moldova,0,0,0,0
1896,Mozambique,0,0,0,0
1896,Serbia And Montenegro,0,0,0,0
1896,Slovakia,0,0,0,0
1896,Tonga,0,0,0,0
1896,Ukraine,0,0,0,0
1896,Uzbekistan,0,0,0,0
1896,Barbados,0,0,0,0
1896,Kuwait,0,0,0,0
1896,Kyrgyzstan,0,0,0,0
1896,North Macedonia,0,0,0,0
1896,Saudi Arabia,0,0,0,0
1896,Vietnam,0,0,0,0
1896,Eritrea,0,0,0,0
1896,Paraguay,0,0,0,0
1896,United Arab Emirates,0,0,0,0
1896,Afghanistan,0,0,0,0
1896,Mauritius,0,0,0,0
1896,Samoa,0,0,0,0
1896,Serbia,0,0,0,0
1896,Sudan,0,0,0,0
1896,Tajikistan,0,0,0,0
1896,Togo,0,0,0,0
1896,Bahrain,0,0,0,0
1896,Botswana,0,0,0,0
1896,Cyprus,0,0,0,0
1896,Gabon,0,0,0,0
1896,Grenada,0,0,0,0
1896,Guatemala,0,0,0,0
1896,Montenegro,0,0,0,0
1896,Fiji,0,0,0,0
1896,Independent Olympic Athletes,0,0,0,0
1896,Jordan,0,0,0,0
1896,Kosovo,0,0,0,0
1896,Burkina Faso,0,0,0,0
1896,North North Macedonia,0,0,0,0
1896,San Marino,0,0,0,0
1896,Turkmenistan,0,0,0,0
1896,Albania,0,0,0,0
1896,Cabo Verde,0,0,0,0
1896,Dominica,0,0,0,0
1896,Saint Lucia,0,0,0,0
1900,Australia,2,0,3,5
1900,Austria,0,3,3,6
1900,Denmark,1,3,2,6
1900,France,27,39,37,103
1900,Germany,4,3,2,9
1900,Greece,0,0,0,0
1900,Hungary,1,2,2,5
1900,Switzerland,6,2,1,9
1900,United Kingdom,15,7,9,31
1900,United States,19,14,15,48
1900,Belgium,6,7,4,17
1900,Canada,1,0,1,2
1900,Cuba,1,1,0,2
1900,India,0,2,0,2
1900,Italy,3,2,0,5
1900,Luxembourg,1,0,0,1
1900,Netherlands,0,2,3,5
1900,Norway,0,2,3,5
1900,Spain,1,0,0,1
1900,Sweden,0,0,1,1
1900,Finland,0,0,0,0
1900,South Africa,0,0,0,0
1900,Brazil,0,0,0,0
1900,Estonia,0,0,0,0
1900,Japan,0,0,0,0
1900,New Zealand,0,0,0,0
1900,Argentina,0,0,0,0
1900,Haiti,0,0,0,0
1900,Poland,0,0,0,0
1900,Portugal,0,0,0,0
1900,Romania,0,0,0,0
1900,Uruguay,0,0,0,0
1900,Chile,0,0,0,0
1900,Egypt,0,0,0,0
1900,Ireland,0,0,0,0
1900,Philippines,0,0,0,0
1900,Latvia,0,0,0,0
1900,Mexico,0,0,0,0
1900,Turkey,0,0,0,0
1900,Iran,0,0,0,0
1900,Jamaica,0,0,0,0
1900,Panama,0,0,0,0
1900,Peru,0,0,0,0
1900,Puerto Rico,0,0,0,0
1900,South Korea,0,0,0,0
1900,Sri Lanka,0,0,0,0
1900,Trinidad And Tobago,0,0,0,0
1900,Bulgaria,0,0,0,0
1900,Lebanon,0,0,0,0
1900,Venezuela,0,0,0,0
1900,Bahamas,0,0,0,0
1900,Iceland,0,0,0,0
1900,Pakistan,0,0,0,0
1900,United Team Of Germany,0,0,0,0
1900,Chinese Taipei,0,0,0,0
1900,Ethiopia,0,0,0,0
1900,Ghana,0,0,0,0
1900,Iraq,0,0,0,0
1900,Morocco,0,0,0,0
1900,Singapore,0,0,0,0
1900,Kenya,0,0,0,0
1900,Nigeria,0,0,0,0
1900,Tunisia,0,0,0,0
1900,Cameroon,0,0,0,0
1900,East Germany,0,0,0,0
1900,Mongolia,0,0,0,0
1900,Taiwan,0,0,0,0
1900,Uganda,0,0,0,0
1900,Colombia,0,0,0,0
1900,Niger,0,0,0,0
1900,North Korea,0,0,0,0
1900,Bermuda,0,0,0,0
1900,Thailand,0,0,0,0
1900,Guyana,0,0,0,0
1900,Tanzania,0,0,0,0
1900,Zimbabwe,0,0,0,0
1900,Algeria,0,0,0,0
1900,China,0,0,0,0
1900,Dominican Republic,0,0,0,0
1900,Ivory Coast,0,0,0,0
1900,Syria,0,0,0,0
1900,Zambia,0,0,0,0
1900,Costa Rica,0,0,0,0
1900,Djibouti,0,0,0,0
1900,Indonesia,0,0,0,0
1900,Senegal,0,0,0,0
1900,Suriname,0,0,0,0
1900,Virgin Islands,0,0,0,0
1900,Croatia,0,0,0,0
1900,Israel,0,0,0,0
1900,Lithuania,0,0,0,0
1900,Malaysia,0,0,0,0
1900,Namibia,0,0,0,0
1900,Qatar,0,0,0,0
1900,Slovenia,0,0,0,0
1900,Armenia,0,0,0,0
1900,Azerbaijan,0,0,0,0
1900,Belarus,0,0,0,0
1900,Burundi,0,0,0,0
1900,Czech Republic,0,0,0,0
1900,Ecuador,0,0,0,0
1900,Georgia,0,0,0,0
1900,Hong Kong,0,0,0,0
1900,Kazakhstan,0,0,0,0
1900,Moldova,0,0,0,0
1900,Mozambique,0,0,0,0
1900,Serbia And Montenegro,0,0,0,0
1900,Slovakia,0,0,0,0
1900,Tonga,0,0,0,0
1900,Ukraine,0,0,0,0
1900,Uzbekistan,0,0,0,0
1900,Barbados,0,0,0,0
1900,Kuwait,0,0,0,0
1900,Kyrgyzstan,0,0,0,0
1900,North Macedonia,0,0,0,0
1900,Saudi Arabia,0,0,0,0
1900,Vietnam,0,0,0,0
1900,Eritrea,0,0,0,0
1900,Paraguay,0,0,0,0
1900,United Arab Emirates,0,0,0,0
1900,Afghanistan,0,0,0,0
1900,Mauritius,0,0,0,0
1900,Samoa,0,0,0,0
1900,Serbia,0,0,0,0
1900,Sudan,0,0,0,0
1900,Tajikistan,0,0,0,0
1900,Togo,0,0,0,0
1900,Bahrain,0,0,0,0
1900,Botswana,0,0,0,0
1900,Cyprus,0,0,0,0
1900,Gabon,0,0,0,0
1900,Grenada,0,0,0,0
1900,Guatemala,0,0,0,0
1900,Montenegro,0,0,0,0
1900,Fiji,0,0,0,0
1900,Independent Olympic Athletes,0,0,0,0
1900,Jordan,0,0,0,0
1900,Kosovo,0,0,0,0
1900,Burkina Faso,0,0,0,0
1900,North North Macedonia,0,0,0,0
1900,San Marino,0,0,0,0
1900,Turkmenistan,0,0,0,0
1900,Albania,0,0,0,0
1900,Cabo Verde,0,0,0,0
1900,Dominica,0,0,0,0
1900,Saint Lucia,0,0,0,0
1904,Australia,0,3,1,4
1904,Austria,1,1,1,3
1904,Denmark,0,0,0,0
1904,France,0,1,0,1
1904,Germany,4,5,6,15
1904,Greece,1,0,1,2
1904,Hungary,2,1,1,4
1904,Switzerland,1,0,2,3
1904,United Kingdom,1,1,0,2
1904,United States,76,78,77,231
1904,Belgium,0,0,0,0
1904,Canada,4,1,1,6
1904,Cuba,3,0,0,3
1904,India,0,0,0,0
1904,Italy,0,0,0,0
1904,Luxembourg,0,0,0,0
1904,Netherlands,0,0,0,0
1904,Norway,2,0,0,2
1904,Spain,0,0,0,0
1904,Sweden,0,0,0,0
1904,Finland,0,0,0,0
1904,South Africa,0,0,0,0
1904,Brazil,0,0,0,0
1904,Estonia,0,0,0,0
1904,Japan,0,0,0,0
1904,New Zealand,0,0,0,0
1904,Argentina,0,0,0,0
1904,Haiti,0,0,0,0
1904,Poland,0,0,0,0
1904,Portugal,0,0,0,0
1904,Romania,0,0,0,0
1904,Uruguay,0,0,0,0
1904,Chile,0,0,0,0
1904,Egypt,0,0,0,0
1904,Ireland,0,0,0,0
1904,Philippines,0,0,0,0
1904,Latvia,0,0,0,0
1904,Mexico,0,0,0,0
1904,Turkey,0,0,0,0
1904,Iran,0,0,0,0
1904,Jamaica,0,0,0,0
1904,Panama,0,0,0,0
1904,Peru,0,0,0,0
1904,Puerto Rico,0,0,0,0
1904,South Korea,0,0,0,0
1904,Sri Lanka,0,0,0,0
1904,Trinidad And Tobago,0,0,0,0
1904,Bulgaria,0,0,0,0
1904,Lebanon,0,0,0,0
1904,Venezuela,0,0,0,0
1904,Bahamas,0,0,0,0
1904,Iceland,0,0,0,0
1904,Pakistan,0,0,0,0
1904,United Team Of Germany,0,0,0,0
1904,Chinese Taipei,0,0,0,0
1904,Ethiopia,0,0,0,0
1904,Ghana,0,0,0,0
1904,Iraq,0,0,0,0
1904,Morocco,0,0,0,0
1904,Singapore,0,0,0,0
1904,Kenya,0,0,0,0
1904,Nigeria,0,0,0,0
1904,Tunisia,0,0,0,0
1904,Cameroon,0,0,0,0
1904,East Germany,0,0,0,0
1904,Mongolia,0,0,0,0
1904,Taiwan,0,0,0,0
1904,Uganda,0,0,0,0
1904,Colombia,0,0,0,0
1904,Niger,0,0,0,0
1904,North Korea,0,0,0,0
1904,Bermuda,0,0,0,0
1904,Thailand,0,0,0,0
1904,Guyana,0,0,0,0
1904,Tanzania,0,0,0,0
1904,Zimbabwe,0,0,0,0
1904,Algeria,0,0,0,0
1904,China,0,0,0,0
1904,Dominican Republic,0,0,0,0
1904,Ivory Coast,0,0,0,0
1904,Syria,0,0,0,0
1904,Zambia,0,0,0,0
1904,Costa Rica,0,0,0,0
1904,Djibouti,0,0,0,0
1904,Indonesia,0,0,0,0
1904,Senegal,0,0,0,0
1904,Suriname,0,0,0,0
1904,Virgin Islands,0,0,0,0
1904,Croatia,0,0,0,0
1904,Israel,0,0,0,0
1904,Lithuania,0,0,0,0
1904,Malaysia,0,0,0,0
1904,Namibia,0,0,0,0
1904,Qatar,0,0,0,0
1904,Slovenia,0,0,0,0
1904,Armenia,0,0,0,0
1904,Azerbaijan,0,0,0,0
1904,Belarus,0,0,0,0
1904,Burundi,0,0,0,0
1904,Czech Republic,0,0,0,0
1904,Ecuador,0,0,0,0
1904,Georgia,0,0,0,0
1904,Hong Kong,0,0,0,0
1904,Kazakhstan,0,0,0,0
1904,Moldova,0,0,0,0
1904,Mozambique,0,0,0,0
1904,Serbia And Montenegro,0,0,0,0
1904,Slovakia,0,0,0,0
1904,Tonga,0,0,0,0
1904,Ukraine,0,0,0,0
1904,Uzbekistan,0,0,0,0
1904,Barbados,0,0,0,0
1904,Kuwait,0,0,0,0
1904,Kyrgyzstan,0,0,0,0
1904,North Macedonia,0,0,0,0
1904,Saudi Arabia,0,0,0,0
1904,Vietnam,0,0,0,0
1904,Eritrea,0,0,0,0
1904,Paraguay,0,0,0,0
1904,United Arab Emirates,0,0,0,0
1904,Afghanistan,0,0,0,0
1904,Mauritius,0,0,0,0
1904,Samoa,0,0,0,0
1904,Serbia,0,0,0,0
1904,Sudan,0,0,0,0
1904,Tajikistan,0,0,0,0
1904,Togo,0,0,0,0
1904,Bahrain,0,0,0,0
1904,Botswana,0,0,0,0
1904,Cyprus,0,0,0,0
1904,Gabon,0,0,0,0
1904,Grenada,0,0,0,0
1904,Guatemala,0,0,0,0
1904,Montenegro,0,0,0,0
1904,Fiji,0,0,0,0
1904,Independent Olympic Athletes,0,0,0,0
1904,Jordan,0,0,0,0
1904,Kosovo,0,0,0,0
1904,Burkina Faso,0,0,0,0
1904,North North Macedonia,0,0,0,0
1904,San Marino,0,0,0,0
1904,Turkmenistan,0,0,0,0
1904,Albania,0,0,0,0
1904,Cabo Verde,0,0,0,0
1904,Dominica,0,0,0,0
1904,Saint Lucia,0,0,0,0
1908,Australia,0,0,0,0
1908,Austria,0,0,1,1
1908,Denmark,0,2,3,5
1908,France,5,5,9,19
1908,Germany,3,5,5,13
1908,Greece,0,3,1,4
1908,Hungary,3,4,2,9
1908,Switzerland,0,0,0,0
1908,United Kingdom,56,51,39,146
1908,United States,23,12,12,47
1908,Belgium,1,5,2,8
1908,Canada,3,3,10,16
1908,Cuba,0,0,0,0
1908,India,0,0,0,0
1908,Italy,2,2,0,4
1908,Luxembourg,0,0,0,0
1908,Netherlands,0,0,2,2
1908,Norway,2,3,3,8
1908,Spain,0,0,0,0
1908,Sweden,8,6,11,25
1908,Finland,1,1,3,5
1908,South Africa,1,1,0,2
1908,Brazil,0,0,0,0
1908,Estonia,0,0,0,0
1908,Japan,0,0,0,0
1908,New Zealand,0,0,0,0
1908,Argentina,0,0,0,0
1908,Haiti,0,0,0,0
1908,Poland,0,0,0,0
1908,Portugal,0,0,0,0
1908,Romania,0,0,0,0
1908,Uruguay,0,0,0,0
1908,Chile,0,0,0,0
1908,Egypt,0,0,0,0
1908,Ireland,0,0,0,0
1908,Philippines,0,0,0,0
1908,Latvia,0,0,0,0
1908,Mexico,0,0,0,0
1908,Turkey,0,0,0,0
1908,Iran,0,0,0,0
1908,Jamaica,0,0,0,0
1908,Panama,0,0,0,0
1908,Peru,0,0,0,0
1908,Puerto Rico,0,0,0,0
1908,South Korea,0,0,0,0
1908,Sri Lanka,0,0,0,0
1908,Trinidad And Tobago,0,0,0,0
1908,Bulgaria,0,0,0,0
1908,Lebanon,0,0,0,0
1908,Venezuela,0,0,0,0
1908,Bahamas,0,0,0,0
1908,Iceland,0,0,0,0
1908,Pakistan,0,0,0,0
1908,United Team Of Germany,0,0,0,0
1908,Chinese Taipei,0,0,0,0
1908,Ethiopia,0,0,0,0
1908,Ghana,0,0,0,0
1908,Iraq,0,0,0,0
1908,Morocco,0,0,0,0
1908,Singapore,0,0,0,0
1908,Kenya,0,0,0,0
1908,Nigeria,0,0,0,0
1908,Tunisia,0,0,0,0
1908,Cameroon,0,0,0,0
1908,East Germany,0,0,0,0
1908,Mongolia,0,0,0,0
1908,Taiwan,0,0,0,0
1908,Uganda,0,0,0,0
1908,Colombia,0,0,0,0
1908,Niger,0,0,0,0
1908,North Korea,0,0,0,0
1908,Bermuda,0,0,0,0
1908,Thailand,0,0,0,0
1908,Guyana,0,0,0,0
1908,Tanzania,0,0,0,0
1908,Zimbabwe,0,0,0,0
1908,Algeria,0,0,0,0
1908,China,0,0,0,0
1908,Dominican Republic,0,0,0,0
1908,Ivory Coast,0,0,0,0
1908,Syria,0,0,0,0
1908,Zambia,0,0,0,0
1908,Costa Rica,0,0,0,0
1908,Djibouti,0,0,0,0
1908,Indonesia,0,0,0,0
1908,Senegal,0,0,0,0
1908,Suriname,0,0,0,0
1908,Virgin Islands,0,0,0,0
1908,Croatia,0,0,0,0
1908,Israel,0,0,0,0
1908,Lithuania,0,0,0,0
1908,Malaysia,0,0,0,0
1908,Namibia,0,0,0,0
1908,Qatar,0,0,0,0
1908,Slovenia,0,0,0,0
1908,Armenia,0,0,0,0
1908,Azerbaijan,0,0,0,0
1908,Belarus,0,0,0,0
1908,Burundi,0,0,0,0
1908,Czech Republic,0,0,0,0
1908,Ecuador,0,0,0,0
1908,Georgia,0,0,0,0
1908,Hong Kong,0,0,0,0
1908,Kazakhstan,0,0,0,0
1908,Moldova,0,0,0,0
1908,Mozambique,0,0,0,0
1908,Serbia And Montenegro,0,0,0,0
1908,Slovakia,0,0,0,0
1908,Tonga,0,0,0,0
1908,Ukraine,0,0,0,0
1908,Uzbekistan,0,0,0,0
1908,Barbados,0,0,0,0
1908,Kuwait,0,0,0,0
1908,Kyrgyzstan,0,0,0,0
1908,North Macedonia,0,0,0,0
1908,Saudi Arabia,0,0,0,0
1908,Vietnam,0,0,0,0
1908,Eritrea,0,0,0,0
1908,Paraguay,0,0,0,0
1908,United Arab Emirates,0,0,0,0
1908,Afghanistan,0,0,0,0
1908,Mauritius,0,0,0,0
1908,Samoa,0,0,0,0
1908,Serbia,0,0,0,0
1908,Sudan,0,0,0,0
1908,Tajikistan,0,0,0,0
1908,Togo,0,0,0,0
1908,Bahrain,0,0,0,0
1908,Botswana,0,0,0,0
1908,Cyprus,0,0,0,0
1908,Gabon,0,0,0,0
1908,Grenada,0,0,0,0
1908,Guatemala,0,0,0,0
1908,Montenegro,0,0,0,0
1908,Fiji,0,0,0,0
1908,Independent Olympic Athletes,0,0,0,0
1908,Jordan,0,0,0,0
1908,Kosovo,0,0,0,0
1908,Burkina Faso,0,0,0,0
1908,North North Macedonia,0,0,0,0
1908,San Marino,0,0,0,0
1908,Turkmenistan,0,0,0,0
1908,Albania,0,0,0,0
1908,Cabo Verde,0,0,0,0
1908,Dominica,0,0,0,0
1908,Saint Lucia,0,0,0,0
1912,Australia,0,0,0,0
1912,Austria,0,2,2,4
1912,Denmark,1,6,5,12
1912,France,7,4,3,14
1912,Germany,5,13,7,25
1912,Greece,1,0,1,2
1912,Hungary,3,2,3,8
1912,Switzerland,0,0,0,0
1912,United Kingdom,10,15,16,41
1912,United States,26,19,19,64
1912,Belgium,2,1,3,6
1912,Canada,3,2,3,8
1912,Cuba,0,0,0,0
1912,India,0,0,0,0
1912,Italy,3,1,2,6
1912,Luxembourg,0,0,0,0
1912,Netherlands,0,0,3,3
1912,Norway,3,2,5,10
1912,Spain,0,0,0,0
1912,Sweden,23,25,17,65
1912,Finland,9,8,9,26
1912,South Africa,4,2,0,6
1912,Brazil,0,0,0,0
1912,Estonia,0,0,0,0
1912,Japan,0,0,0,0
1912,New Zealand,0,0,0,0
1912,Argentina,0,0,0,0
1912,Haiti,0,0,0,0
1912,Poland,0,0,0,0
1912,Portugal,0,0,0,0
1912,Romania,0,0,0,0
1912,Uruguay,0,0,0,0
1912,Chile,0,0,0,0
1912,Egypt,0,0,0,0
1912,Ireland,0,0,0,0
1912,Philippines,0,0,0,0
1912,Latvia,0,0,0,0
1912,Mexico,0,0,0,0
1912,Turkey,0,0,0,0
1912,Iran,0,0,0,0
1912,Jamaica,0,0,0,0
1912,Panama,0,0,0,0
1912,Peru,0,0,0,0
1912,Puerto Rico,0,0,0,0
1912,South Korea,0,0,0,0
1912,Sri Lanka,0,0,0,0
1912,Trinidad And Tobago,0,0,0,0
1912,Bulgaria,0,0,0,0
1912,Lebanon,0,0,0,0
1912,Venezuela,0,0,0,0
1912,Bahamas,0,0,0,0
1912,Iceland,0,0,0,0
1912,Pakistan,0,0,0,0
1912,United Team Of Germany,0,0,0,0
1912,Chinese Taipei,0,0,0,0
1912,Ethiopia,0,0,0,0
1912,Ghana,0,0,0,0
1912,Iraq,0,0,0,0
1912,Morocco,0,0,0,0
1912,Singapore,0,0,0,0
1912,Kenya,0,0,0,0
1912,Nigeria,0,0,0,0
1912,Tunisia,0,0,0,0
1912,Cameroon,0,0,0,0
1912,East Germany,0,0,0,0
1912,Mongolia,0,0,0,0
1912,Taiwan,0,0,0,0
1912,Uganda,0,0,0,0
1912,Colombia,0,0,0,0
1912,Niger,0,0,0,0
1912,North Korea,0,0,0,0
1912,Bermuda,0,0,0,0
1912,Thailand,0,0,0,0
1912,Guyana,0,0,0,0
1912,Tanzania,0,0,0,0
1912,Zimbabwe,0,0,0,0
1912,Algeria,0,0,0,0
1912,China,0,0,0,0
1912,Dominican Republic,0,0,0,0
1912,Ivory Coast,0,0,0,0
1912,Syria,0,0,0,0
1912,Zambia,0,0,0,0
1912,Costa Rica,0,0,0,0
1912,Djibouti,0,0,0,0
1912,Indonesia,0,0,0,0
1912,Senegal,0,0,0,0
1912,Suriname,0,0,0,0
1912,Virgin Islands,0,0,0,0
1912,Croatia,0,0,0,0
1912,Israel,0,0,0,0
1912,Lithuania,0,0,0,0
1912,Malaysia,0,0,0,0
1912,Namibia,0,0,0,0
1912,Qatar,0,0,0,0
1912,Slovenia,0,0,0,0
1912,Armenia,0,0,0,0
1912,Azerbaijan,0,0,0,0
1912,Belarus,0,0,0,0
1912,Burundi,0,0,0,0
1912,Czech Republic,0,0,0,0
1912,Ecuador,0,0,0,0
1912,Georgia,0,0,0,0
1912,Hong Kong,0,0,0,0
1912,Kazakhstan,0,0,0,0
1912,Moldova,0,0,0,0
1912,Mozambique,0,0,0,0
1912,Serbia And Montenegro,0,0,0,0
1912,Slovakia,0,0,0,0
1912,Tonga,0,0,0,0
1912,Ukraine,0,0,0,0
1912,Uzbekistan,0,0,0,0
1912,Barbados,0,0,0,0
1912,Kuwait,0,0,0,0
1912,Kyrgyzstan,0,0,0,0
1912,North Macedonia,0,0,0,0
1912,Saudi Arabia,0,0,0,0
1912,Vietnam,0,0,0,0
1912,Eritrea,0,0,0,0
1912,Paraguay,0,0,0,0
1912,United Arab Emirates,0,0,0,0
1912,Afghanistan,0,0,0,0
1912,Mauritius,0,0,0,0
1912,Samoa,0,0,0,0
1912,Serbia,0,0,0,0
1912,Sudan,0,0,0,0
1912,Tajikistan,0,0,0,0
1912,Togo,0,0,0,0
1912,Bahrain,0,0,0,0
1912,Botswana,0,0,0,0
1912,Cyprus,0,0,0,0
1912,Gabon,0,0,0,0
1912,Grenada,0,0,0,0
1912,Guatemala,0,0,0,0
1912,Montenegro,0,0,0,0
1912,Fiji,0,0,0,0
1912,Independent Olympic Athletes,0,0,0,0
1912,Jordan,0,0,0,0
1912,Kosovo,0,0,0,0
1912,Burkina Faso,0,0,0,0
1912,North North Macedonia,0,0,0,0
1912,San Marino,0,0,0,0
1912,Turkmenistan,0,0,0,0
1912,Albania,0,0,0,0
1912,Cabo Verde,0,0,0,0
1912,Dominica,0,0,0,0
1912,Saint Lucia,0,0,0,0
1920,Australia,0,2,1,3
1920,Austria,0,0,0,0
1920,Denmark,3,9,1,13
1920,France,9,19,13,41
1920,Germany,0,0,0,0
1920,Greece,0,1,0,1
1920,Hungary,0,0,0,0
1920,Switzerland,2,2,7,11
1920,United Kingdom,14,15,13,42
1920,United States,41,27,27,95
1920,Belgium,14,11,11,36
1920,Canada,3,3,3,9
1920,Cuba,0,0,0,0
1920,India,0,0,0,0
1920,Italy,13,5,5,23
1920,Luxembourg,0,1,0,1
1920,Netherlands,4,2,5,11
1920,Norway,13,9,9,31
1920,Spain,0,2,0,2
1920,Sweden,19,20,25,64
1920,Finland,15,10,9,34
1920,South Africa,3,4,3,10
1920,Brazil,1,1,1,3
1920,Estonia,1,2,0,3
1920,Japan,0,2,0,2
1920,New Zealand,0,0,1,1
1920,Argentina,0,0,0,0
1920,Haiti,0,0,0,0
1920,Poland,0,0,0,0
1920,Portugal,0,0,0,0
1920,Romania,0,0,0,0
1920,Uruguay,0,0,0,0
1920,Chile,0,0,0,0
1920,Egypt,0,0,0,0
1920,Ireland,0,0,0,0
1920,Philippines,0,0,0,0
1920,Latvia,0,0,0,0
1920,Mexico,0,0,0,0
1920,Turkey,0,0,0,0
1920,Iran,0,0,0,0
1920,Jamaica,0,0,0,0
1920,Panama,0,0,0,0
1920,Peru,0,0,0,0
1920,Puerto Rico,0,0,0,0
1920,South Korea,0,0,0,0
1920,Sri Lanka,0,0,0,0
1920,Trinidad And Tobago,0,0,0,0
1920,Bulgaria,0,0,0,0
1920,Lebanon,0,0,0,0
1920,Venezuela,0,0,0,0
1920,Bahamas,0,0,0,0
1920,Iceland,0,0,0,0
1920,Pakistan,0,0,0,0
1920,United Team Of Germany,0,0,0,0
1920,Chinese Taipei,0,0,0,0
1920,Ethiopia,0,0,0,0
1920,Ghana,0,0,0,0
1920,Iraq,0,0,0,0
1920,Morocco,0,0,0,0
1920,Singapore,0,0,0,0
1920,Kenya,0,0,0,0
1920,Nigeria,0,0,0,0
1920,Tunisia,0,0,0,0
1920,Cameroon,0,0,0,0
1920,East Germany,0,0,0,0
1920,Mongolia,0,0,0,0
1920,Taiwan,0,0,0,0
1920,Uganda,0,0,0,0
1920,Colombia,0,0,0,0
1920,Niger,0,0,0,0
1920,North Korea,0,0,0,0
1920,Bermuda,0,0,0,0
1920,Thailand,0,0,0,0
1920,Guyana,0,0,0,0
1920,Tanzania,0,0,0,0
1920,Zimbabwe,0,0,0,0
1920,Algeria,0,0,0,0
1920,China,0,0,0,0
1920,Dominican Republic,0,0,0,0
1920,Ivory Coast,0,0,0,0
1920,Syria,0,0,0,0
1920,Zambia,0,0,0,0
1920,Costa Rica,0,0,0,0
1920,Djibouti,0,0,0,0
1920,Indonesia,0,0,0,0
1920,Senegal,0,0,0,0
1920,Suriname,0,0,0,0
1920,Virgin Islands,0,0,0,0
1920,Croatia,0,0,0,0
1920,Israel,0,0,0,0
1920,Lithuania,0,0,0,0
1920,Malaysia,0,0,0,0
1920,Namibia,0,0,0,0
1920,Qatar,0,0,0,0
1920,Slovenia,0,0,0,0
1920,Armenia,0,0,0,0
1920,Azerbaijan,0,0,0,0
1920,Belarus,0,0,0,0
1920,Burundi,0,0,0,0
1920,Czech Republic,0,0,0,0
1920,Ecuador,0,0,0,0
1920,Georgia,0,0,0,0
1920,Hong Kong,0,0,0,0
1920,Kazakhstan,0,0,0,0
1920,Moldova,0,0,0,0
1920,Mozambique,0,0,0,0
1920,Serbia And Montenegro,0,0,0,0
1920,Slovakia,0,0,0,0
1920,Tonga,0,0,0,0
1920,Ukraine,0,0,0,0
1920,Uzbekistan,0,0,0,0
1920,Barbados,0,0,0,0
1920,Kuwait,0,0,0,0
1920,Kyrgyzstan,0,0,0,0
1920,North Macedonia,0,0,0,0
1920,Saudi Arabia,0,0,0,0
1920,Vietnam,0,0,0,0
1920,Eritrea,0,0,0,0
1920,Paraguay,0,0,0,0
1920,United Arab Emirates,0,0,0,0
1920,Afghanistan,0,0,0,0
1920,Mauritius,0,0,0,0
1920,Samoa,0,0,0,0
1920,Serbia,0,0,0,0
1920,Sudan,0,0,0,0
1920,Tajikistan,0,0,0,0
1920,Togo,0,0,0,0
1920,Bahrain,0,0,0,0
1920,Botswana,0,0,0,0
1920,Cyprus,0,0,0,0
1920,Gabon,0,0,0,0
1920,Grenada,0,0,0,0
1920,Guatemala,0,0,0,0
1920,Montenegro,0,0,0,0
1920,Fiji,0,0,0,0
1920,Independent Olympic Athletes,0,0,0,0
1920,Jordan,0,0,0,0
1920,Kosovo,0,0,0,0
1920,Burkina Faso,0,0,0,0
1920,North North Macedonia,0,0,0,0
1920,San Marino,0,0,0,0
1920,Turkmenistan,0,0,0,0
1920,Albania,0,0,0,0
1920,Cabo Verde,0,0,0,0
1920,Dominica,0,0,0,0
1920,Saint Lucia,0,0,0,0
1924,Australia,3,1,2,6
1924,Austria,0,3,1,4
1924,Denmark,2,5,2,9
1924,France,13,15,10,38
1924,Germany,0,0,0,0
1924,Greece,0,0,0,0
1924,Hungary,2,3,4,9
1924,Switzerland,7,8,10,25
1924,United Kingdom,9,13,12,34
1924,United States,45,27,27,99
1924,Belgium,3,7,3,13
1924,Canada,0,3,1,4
1924,Cuba,0,0,0,0
1924,India,0,0,0,0
1924,Italy,8,3,5,16
1924,Luxembourg,0,0,0,0
1924,Netherlands,4,1,5,10
1924,Norway,5,2,3,10
1924,Spain,0,0,0,0
1924,Sweden,4,13,12,29
1924,Finland,14,13,10,37
1924,South Africa,1,1,1,3
1924,Brazil,0,0,0,0
1924,Estonia,1,1,4,6
1924,Japan,0,0,1,1
1924,New Zealand,0,0,1,1
1924,Argentina,1,3,2,6
1924,Haiti,0,0,1,1
1924,Poland,0,1,1,2
1924,Portugal,0,0,1,1
1924,Romania,0,0,1,1
1924,Uruguay,1,0,0,1
1924,Chile,0,0,0,0
1924,Egypt,0,0,0,0
1924,Ireland,0,0,0,0
1924,Philippines,0,0,0,0
1924,Latvia,0,0,0,0
1924,Mexico,0,0,0,0
1924,Turkey,0,0,0,0
1924,Iran,0,0,0,0
1924,Jamaica,0,0,0,0
1924,Panama,0,0,0,0
1924,Peru,0,0,0,0
1924,Puerto Rico,0,0,0,0
1924,South Korea,0,0,0,0
1924,Sri Lanka,0,0,0,0
1924,Trinidad And Tobago,0,0,0,0
1924,Bulgaria,0,0,0,0
1924,Lebanon,0,0,0,0
1924,Venezuela,0,0,0,0
1924,Bahamas,0,0,0,0
1924,Iceland,0,0,0,0
1924,Pakistan,0,0,0,0
1924,United Team Of Germany,0,0,0,0
1924,Chinese Taipei,0,0,0,0
1924,Ethiopia,0,0,0,0
1924,Ghana,0,0,0,0
1924,Iraq,0,0,0,0
1924,Morocco,0,0,0,0
1924,Singapore,0,0,0,0
1924,Kenya,0,0,0,0
1924,Nigeria,0,0,0,0
1924,Tunisia,0,0,0,0
1924,Cameroon,0,0,0,0
1924,East Germany,0,0,0,0
1924,Mongolia,0,0,0,0
1924,Taiwan,0,0,0,0
1924,Uganda,0,0,0,0
1924,Colombia,0,0,0,0
1924,Niger,0,0,0,0
1924,North Korea,0,0,0,0
1924,Bermuda,0,0,0,0
1924,Thailand,0,0,0,0
1924,Guyana,0,0,0,0
1924,Tanzania,0,0,0,0
1924,Zimbabwe,0,0,0,0
1924,Algeria,0,0,0,0
1924,China,0,0,0,0
1924,Dominican Republic,0,0,0,0
1924,Ivory Coast,0,0,0,0
1924,Syria,0,0,0,0
1924,Zambia,0,0,0,0
1924,Costa Rica,0,0,0,0
1924,Djibouti,0,0,0,0
1924,Indonesia,0,0,0,0
1924,Senegal,0,0,0,0
1924,Suriname,0,0,0,0
1924,Virgin Islands,0,0,0,0
1924,Croatia,0,0,0,0
1924,Israel,0,0,0,0
1924,Lithuania,0,0,0,0
1924,Malaysia,0,0,0,0
1924,Namibia,0,0,0,0
1924,Qatar,0,0,0,0
1924,Slovenia,0,0,0,0
1924,Armenia,0,0,0,0
1924,Azerbaijan,0,0,0,0
1924,Belarus,0,0,0,0
1924,Burundi,0,0,0,0
1924,Czech Republic,0,0,0,0
1924,Ecuador,0,0,0,0
1924,Georgia,0,0,0,0
1924,Hong Kong,0,0,0,0
1924,Kazakhstan,0,0,0,0
1924,Moldova,0,0,0,0
1924,Mozambique,0,0,0,0
1924,Serbia And Montenegro,0,0,0,0
1924,Slovakia,0,0,0,0
1924,Tonga,0,0,0,0
1924,Ukraine,0,0,0,0
1924,Uzbekistan,0,0,0,0
1924,Barbados,0,0,0,0
1924,Kuwait,0,0,0,0
1924,Kyrgyzstan,0,0,0,0
1924,North Macedonia,0,0,0,0
1924,Saudi Arabia,0,0,0,0
1924,Vietnam,0,0,0,0
1924,Eritrea,0,0,0,0
1924,Paraguay,0,0,0,0
1924,United Arab Emirates,0,0,0,0
1924,Afghanistan,0,0,0,0
1924,Mauritius,0,0,0,0
1924,Samoa,0,0,0,0
1924,Serbia,0,0,0,0
1924,Sudan,0,0,0,0
1924,Tajikistan,0,0,0,0
1924,Togo,0,0,0,0
1924,Bahrain,0,0,0,0
1924,Botswana,0,0,0,0
1924,Cyprus,0,0,0,0
1924,Gabon,0,0,0,0
1924,Grenada,0,0,0,0
1924,Guatemala,0,0,0,0
1924,Montenegro,0,0,0,0
1924,Fiji,0,0,0,0
1924,Independent Olympic Athletes,0,0,0,0
1924,Jordan,0,0,0,0
1924,Kosovo,0,0,0,0
1924,Burkina Faso,0,0,0,0
1924,North North Macedonia,0,0,0,0
1924,San Marino,0,0,0,0
1924,Turkmenistan,0,0,0,0
1924,Albania,0,0,0,0
1924,Cabo Verde,0,0,0,0
1924,Dominica,0,0,0,0
1924,Saint Lucia,0,0,0,0
1928,Australia,1,2,1,4
1928,Austria,2,0,1,3
1928,Denmark,3,1,2,6
1928,France,6,10,5,21
1928,Germany,10,7,14,31
1928,Greece,0,0,0,0
1928,Hungary,4,5,0,9
1928,Switzerland,7,4,4,15
1928,United Kingdom,3,10,7,20
1928,United States,22,18,16,56
1928,Belgium,0,1,2,3
1928,Canada,4,4,7,15
1928,Cuba,0,0,0,0
1928,India,1,0,0,1
1928,Italy,7,5,7,19
1928,Luxembourg,0,0,0,0
1928,Netherlands,6,9,4,19
1928,Norway,1,2,1,4
1928,Spain,1,0,0,1
1928,Sweden,7,6,12,25
1928,Finland,8,8,9,25
1928,South Africa,1,0,2,3
1928,Brazil,0,0,0,0
1928,Estonia,2,1,2,5
1928,Japan,2,2,1,5
1928,New Zealand,1,0,0,1
1928,Argentina,3,3,1,7
1928,Haiti,0,1,0,1
1928,Poland,1,1,3,5
1928,Portugal,0,0,1,1
1928,Romania,0,0,0,0
1928,Uruguay,1,0,0,1
1928,Chile,0,1,0,1
1928,Egypt,2,1,1,4
1928,Ireland,1,0,0,1
1928,Philippines,0,0,1,1
1928,Latvia,0,0,0,0
1928,Mexico,0,0,0,0
1928,Turkey,0,0,0,0
1928,Iran,0,0,0,0
1928,Jamaica,0,0,0,0
1928,Panama,0,0,0,0
1928,Peru,0,0,0,0
1928,Puerto Rico,0,0,0,0
1928,South Korea,0,0,0,0
1928,Sri Lanka,0,0,0,0
1928,Trinidad And Tobago,0,0,0,0
1928,Bulgaria,0,0,0,0
1928,Lebanon,0,0,0,0
1928,Venezuela,0,0,0,0
1928,Bahamas,0,0,0,0
1928,Iceland,0,0,0,0
1928,Pakistan,0,0,0,0
1928,United Team Of Germany,0,0,0,0
1928,Chinese Taipei,0,0,0,0
1928,Ethiopia,0,0,0,0
1928,Ghana,0,0,0,0
1928,Iraq,0,0,0,0
1928,Morocco,0,0,0,0
1928,Singapore,0,0,0,0
1928,Kenya,0,0,0,0
1928,Nigeria,0,0,0,0
1928,Tunisia,0,0,0,0
1928,Cameroon,0,0,0,0
1928,East Germany,0,0,0,0
1928,Mongolia,0,0,0,0
1928,Taiwan,0,0,0,0
1928,Uganda,0,0,0,0
1928,Colombia,0,0,0,0
1928,Niger,0,0,0,0
1928,North Korea,0,0,0,0
1928,Bermuda,0,0,0,0
1928,Thailand,0,0,0,0
1928,Guyana,0,0,0,0
1928,Tanzania,0,0,0,0
1928,Zimbabwe,0,0,0,0
1928,Algeria,0,0,0,0
1928,China,0,0,0,0
1928,Dominican Republic,0,0,0,0
1928,Ivory Coast,0,0,0,0
1928,Syria,0,0,0,0
1928,Zambia,0,0,0,0
1928,Costa Rica,0,0,0,0
1928,Djibouti,0,0,0,0
1928,Indonesia,0,0,0,0
1928,Senegal,0,0,0,0
1928,Suriname,0,0,0,0
1928,Virgin Islands,0,0,0,0
1928,Croatia,0,0,0,0
1928,Israel,0,0,0,0
1928,Lithuania,0,0,0,0
1928,Malaysia,0,0,0,0
1928,Namibia,0,0,0,0
1928,Qatar,0,0,0,0
1928,Slovenia,0,0,0,0
1928,Armenia,0,0,0,0
1928,Azerbaijan,0,0,0,0
1928,Belarus,0,0,0,0
1928,Burundi,0,0,0,0
1928,Czech Republic,0,0,0,0
1928,Ecuador,0,0,0,0
1928,Georgia,0,0,0,0
1928,Hong Kong,0,0,0,0
1928,Kazakhstan,0,0,0,0
1928,Moldova,0,0,0,0
1928,Mozambique,0,0,0,0
1928,Serbia And Montenegro,0,0,0,0
1928,Slovakia,0,0,0,0
1928,Tonga,0,0,0,0
1928,Ukraine,0,0,0,0
1928,Uzbekistan,0,0,0,0
1928,Barbados,0,0,0,0
1928,Kuwait,0,0,0,0
1928,Kyrgyzstan,0,0,0,0
1928,North Macedonia,0,0,0,0
1928,Saudi Arabia,0,0,0,0
1928,Vietnam,0,0,0,0
1928,Eritrea,0,0,0,0
1928,Paraguay,0,0,0,0
1928,United Arab Emirates,0,0,0,0
1928,Afghanistan,0,0,0,0
1928,Mauritius,0,0,0,0
1928,Samoa,0,0,0,0
1928,Serbia,0,0,0,0
1928,Sudan,0,0,0,0
1928,Tajikistan,0,0,0,0
1928,Togo,0,0,0,0
1928,Bahrain,0,0,0,0
1928,Botswana,0,0,0,0
1928,Cyprus,0,0,0,0
1928,Gabon,0,0,0,0
1928,Grenada,0,0,0,0
1928,Guatemala,0,0,0,0
1928,Montenegro,0,0,0,0
1928,Fiji,0,0,0,0
1928,Independent Olympic Athletes,0,0,0,0
1928,Jordan,0,0,0,0
1928,Kosovo,0,0,0,0
1928,Burkina Faso,0,0,0,0
1928,North North Macedonia,0,0,0,0
1928,San Marino,0,0,0,0
1928,Turkmenistan,0,0,0,0
1928,Albania,0,0,0,0
1928,Cabo Verde,0,0,0,0
1928,Dominica,0,0,0,0
1928,Saint Lucia,0,0,0,0
1932,Australia,3,1,1,5
1932,Austria,1,1,3,5
1932,Denmark,0,5,3,8
1932,France,11,5,4,20
1932,Germany,5,12,7,24
1932,Greece,0,0,0,0
1932,Hungary,6,5,5,16
1932,Switzerland,0,1,0,1
1932,United Kingdom,5,7,5,17
1932,United States,44,36,30,110
1932,Belgium,0,0,1,1
1932,Canada,2,5,9,16
1932,Cuba,0,0,0,0
1932,India,1,0,0,1
1932,Italy,12,12,12,36
1932,Luxembourg,0,0,0,0
1932,Netherlands,2,5,1,8
1932,Norway,0,0,0,0
1932,Spain,0,0,1,1
1932,Sweden,10,5,9,24
1932,Finland,5,8,12,25
1932,South Africa,2,0,3,5
1932,Brazil,0,0,0,0
1932,Estonia,0,0,0,0
1932,Japan,7,7,4,18
1932,New Zealand,0,1,0,1
1932,Argentina,3,1,0,4
1932,Haiti,0,0,0,0
1932,Poland,3,2,4,9
1932,Portugal,0,0,0,0
1932,Romania,0,0,0,0
1932,Uruguay,0,0,1,1
1932,Chile,0,0,0,0
1932,Egypt,0,0,0,0
1932,Ireland,2,0,0,2
1932,Philippines,0,0,3,3
1932,Latvia,0,1,0,1
1932,Mexico,0,2,0,2
1932,Turkey,0,0,0,0
1932,Iran,0,0,0,0
1932,Jamaica,0,0,0,0
1932,Panama,0,0,0,0
1932,Peru,0,0,0,0
1932,Puerto Rico,0,0,0,0
1932,South Korea,0,0,0,0
1932,Sri Lanka,0,0,0,0
1932,Trinidad And Tobago,0,0,0,0
1932,Bulgaria,0,0,0,0
1932,Lebanon,0,0,0,0
1932,Venezuela,0,0,0,0
1932,Bahamas,0,0,0,0
1932,Iceland,0,0,0,0
1932,Pakistan,0,0,0,0
1932,United Team Of Germany,0,0,0,0
1932,Chinese Taipei,0,0,0,0
1932,Ethiopia,0,0,0,0
1932,Ghana,0,0,0,0
1932,Iraq,0,0,0,0
1932,Morocco,0,0,0,0
1932,Singapore,0,0,0,0
1932,Kenya,0,0,0,0
1932,Nigeria,0,0,0,0
1932,Tunisia,0,0,0,0
1932,Cameroon,0,0,0,0
1932,East Germany,0,0,0,0
1932,Mongolia,0,0,0,0
1932,Taiwan,0,0,0,0
1932,Uganda,0,0,0,0
1932,Colombia,0,0,0,0
1932,Niger,0,0,0,0
1932,North Korea,0,0,0,0
1932,Bermuda,0,0,0,0
1932,Thailand,0,0,0,0
1932,Guyana,0,0,0,0
1932,Tanzania,0,0,0,0
1932,Zimbabwe,0,0,0,0
1932,Algeria,0,0,0,0
1932,China,0,0,0,0
1932,Dominican Republic,0,0,0,0
1932,Ivory Coast,0,0,0,0
1932,Syria,0,0,0,0
1932,Zambia,0,0,0,0
1932,Costa Rica,0,0,0,0
1932,Djibouti,0,0,0,0
1932,Indonesia,0,0,0,0
1932,Senegal,0,0,0,0
1932,Suriname,0,0,0,0
1932,Virgin Islands,0,0,0,0
1932,Croatia,0,0,0,0
1932,Israel,0,0,0,0
1932,Lithuania,0,0,0,0
1932,Malaysia,0,0,0,0
1932,Namibia,0,0,0,0
1932,Qatar,0,0,0,0
1932,Slovenia,0,0,0,0
1932,Armenia,0,0,0,0
1932,Azerbaijan,0,0,0,0
1932,Belarus,0,0,0,0
1932,Burundi,0,0,0,0
1932,Czech Republic,0,0,0,0
1932,Ecuador,0,0,0,0
1932,Georgia,0,0,0,0
1932,Hong Kong,0,0,0,0
1932,Kazakhstan,0,0,0,0
1932,Moldova,0,0,0,0
1932,Mozambique,0,0,0,0
1932,Serbia And Montenegro,0,0,0,0
1932,Slovakia,0,0,0,0
1932,Tonga,0,0,0,0
1932,Ukraine,0,0,0,0
1932,Uzbekistan,0,0,0,0
1932,Barbados,0,0,0,0
1932,Kuwait,0,0,0,0
1932,Kyrgyzstan,0,0,0,0
1932,North Macedonia,0,0,0,0
1932,Saudi Arabia,0,0,0,0
1932,Vietnam,0,0,0,0
1932,Eritrea,0,0,0,0
1932,Paraguay,0,0,0,0
1932,United Arab Emirates,0,0,0,0
1932,Afghanistan,0,0,0,0
1932,Mauritius,0,0,0,0
1932,Samoa,0,0,0,0
1932,Serbia,0,0,0,0
1932,Sudan,0,0,0,0
1932,Tajikistan,0,0,0,0
1932,Togo,0,0,0,0
1932,Bahrain,0,0,0,0
1932,Botswana,0,0,0,0
1932,Cyprus,0,0,0,0
1932,Gabon,0,0,0,0
1932,Grenada,0,0,0,0
1932,Guatemala,0,0,0,0
1932,Montenegro,0,0,0,0
1932,Fiji,0,0,0,0
1932,Independent Olympic Athletes,0,0,0,0
1932,Jordan,0,0,0,0
1932,Kosovo,0,0,0,0
1932,Burkina Faso,0,0,0,0
1932,North North Macedonia,0,0,0,0
1932,San Marino,0,0,0,0
1932,Turkmenistan,0,0,0,0
1932,Albania,0,0,0,0
1932,Cabo Verde,0,0,0,0
1932,Dominica,0,0,0,0
1932,Saint Lucia,0,0,0,0
1936,Australia,0,0,1,1
1936,Austria,5,7,5,17
1936,Denmark,0,2,3,5
1936,France,7,6,6,19
1936,Germany,38,31,32,101
1936,Greece,0,0,0,0
1936,Hungary,10,1,5,16
1936,Switzerland,4,9,5,18
1936,United Kingdom,4,7,3,14
1936,United States,24,21,12,57
1936,Belgium,0,0,3,3
1936,Canada,1,3,5,9
1936,Cuba,0,0,0,0
1936,India,1,0,0,1
1936,Italy,9,13,5,27
1936,Luxembourg,0,0,0,0
1936,Netherlands,6,4,7,17
1936,Norway,1,3,2,6
1936,Spain,0,0,0,0
1936,Sweden,6,5,10,21
1936,Finland,8,6,6,20
1936,South Africa,0,1,0,1
1936,Brazil,0,0,0,0
1936,Estonia,2,2,3,7
1936,Japan,6,4,10,20
1936,New Zealand,1,0,0,1
1936,Argentina,2,2,3,7
1936,Haiti,0,0,0,0
1936,Poland,0,4,5,9
1936,Portugal,0,0,1,1
1936,Romania,0,1,0,1
1936,Uruguay,0,0,0,0
1936,Chile,0,0,0,0
1936,Egypt,2,1,2,5
1936,Ireland,0,0,0,0
1936,Philippines,0,0,1,1
1936,Latvia,0,1,1,2
1936,Mexico,0,0,3,3
1936,Turkey,1,0,1,2
1936,Iran,0,0,0,0
1936,Jamaica,0,0,0,0
1936,Panama,0,0,0,0
1936,Peru,0,0,0,0
1936,Puerto Rico,0,0,0,0
1936,South Korea,0,0,0,0
1936,Sri Lanka,0,0,0,0
1936,Trinidad And Tobago,0,0,0,0
1936,Bulgaria,0,0,0,0
1936,Lebanon,0,0,0,0
1936,Venezuela,0,0,0,0
1936,Bahamas,0,0,0,0
1936,Iceland,0,0,0,0
1936,Pakistan,0,0,0,0
1936,United Team Of Germany,0,0,0,0
1936,Chinese Taipei,0,0,0,0
1936,Ethiopia,0,0,0,0
1936,Ghana,0,0,0,0
1936,Iraq,0,0,0,0
1936,Morocco,0,0,0,0
1936,Singapore,0,0,0,0
1936,Kenya,0,0,0,0
1936,Nigeria,0,0,0,0
1936,Tunisia,0,0,0,0
1936,Cameroon,0,0,0,0
1936,East Germany,0,0,0,0
1936,Mongolia,0,0,0,0
1936,Taiwan,0,0,0,0
1936,Uganda,0,0,0,0
1936,Colombia,0,0,0,0
1936,Niger,0,0,0,0
1936,North Korea,0,0,0,0
1936,Bermuda,0,0,0,0
1936,Thailand,0,0,0,0
1936,Guyana,0,0,0,0
1936,Tanzania,0,0,0,0
1936,Zimbabwe,0,0,0,0
1936,Algeria,0,0,0,0
1936,China,0,0,0,0
1936,Dominican Republic,0,0,0,0
1936,Ivory Coast,0,0,0,0
1936,Syria,0,0,0,0
1936,Zambia,0,0,0,0
1936,Costa Rica,0,0,0,0
1936,Djibouti,0,0,0,0
1936,Indonesia,0,0,0,0
1936,Senegal,0,0,0,0
1936,Suriname,0,0,0,0
1936,Virgin Islands,0,0,0,0
1936,Croatia,0,0,0,0
1936,Israel,0,0,0,0
1936,Lithuania,0,0,0,0
1936,Malaysia,0,0,0,0
1936,Namibia,0,0,0,0
1936,Qatar,0,0,0,0
1936,Slovenia,0,0,0,0
1936,Armenia,0,0,0,0
1936,Azerbaijan,0,0,0,0
1936,Belarus,0,0,0,0
1936,Burundi,0,0,0,0
1936,Czech Republic,0,0,0,0
1936,Ecuador,0,0,0,0
1936,Georgia,0,0,0,0
1936,Hong Kong,0,0,0,0
1936,Kazakhstan,0,0,0,0
1936,Moldova,0,0,0,0
1936,Mozambique,0,0,0,0
1936,Serbia And Montenegro,0,0,0,0
1936,Slovakia,0,0,0,0
1936,Tonga,0,0,0,0
1936,Ukraine,0,0,0,0
1936,Uzbekistan,0,0,0,0
1936,Barbados,0,0,0,0
1936,Kuwait,0,0,0,0
1936,Kyrgyzstan,0,0,0,0
1936,North Macedonia,0,0,0,0
1936,Saudi Arabia,0,0,0,0
1936,Vietnam,0,0,0,0
1936,Eritrea,0,0,0,0
1936,Paraguay,0,0,0,0
1936,United Arab Emirates,0,0,0,0
1936,Afghanistan,0,0,0,0
1936,Mauritius,0,0,0,0
1936,Samoa,0,0,0,0
1936,Serbia,0,0,0,0
1936,Sudan,0,0,0,0
1936,Tajikistan,0,0,0,0
1936,Togo,0,0,0,0
1936,Bahrain,0,0,0,0
1936,Botswana,0,0,0,0
1936,Cyprus,0,0,0,0
1936,Gabon,0,0,0,0
1936,Grenada,0,0,0,0
1936,Guatemala,0,0,0,0
1936,Montenegro,0,0,0,0
1936,Fiji,0,0,0,0
1936,Independent Olympic Athletes,0,0,0,0
1936,Jordan,0,0,0,0
1936,Kosovo,0,0,0,0
1936,Burkina Faso,0,0,0,0
1936,North North Macedonia,0,0,0,0
1936,San Marino,0,0,0,0
1936,Turkmenistan,0,0,0,0
1936,Albania,0,0,0,0
1936,Cabo Verde,0,0,0,0
1936,Dominica,0,0,0,0
1936,Saint Lucia,0,0,0,0
1948,Australia,2,6,5,13
1948,Austria,1,0,3,4
1948,Denmark,5,7,8,20
1948,France,10,6,13,29
1948,Germany,0,0,0,0
1948,Greece,0,0,0,0
1948,Hungary,10,5,12,27
1948,Switzerland,5,10,5,20
1948,United Kingdom,3,14,6,23
1948,United States,38,27,19,84
1948,Belgium,2,2,3,7
1948,Canada,0,1,2,3
1948,Cuba,0,1,0,1
1948,India,1,0,0,1
1948,Italy,8,11,8,27
1948,Luxembourg,0,0,0,0
1948,Netherlands,5,2,9,16
1948,Norway,1,3,3,7
1948,Spain,0,1,0,1
1948,Sweden,16,11,17,44
1948,Finland,8,7,5,20
1948,South Africa,2,1,1,4
1948,Brazil,0,0,1,1
1948,Estonia,0,0,0,0
1948,Japan,0,0,0,0
1948,New Zealand,0,0,0,0
1948,Argentina,3,3,1,7
1948,Haiti,0,0,0,0
1948,Poland,0,0,1,1
1948,Portugal,0,1,1,2
1948,Romania,0,0,0,0
1948,Uruguay,0,1,1,2
1948,Chile,0,0,0,0
1948,Egypt,2,2,1,5
1948,Ireland,0,0,0,0
1948,Philippines,0,0,0,0
1948,Latvia,0,0,0,0
1948,Mexico,2,1,2,5
1948,Turkey,6,4,2,12
1948,Iran,0,0,1,1
1948,Jamaica,1,2,0,3
1948,Panama,0,0,2,2
1948,Peru,1,0,0,1
1948,Puerto Rico,0,0,1,1
1948,South Korea,0,0,2,2
1948,Sri Lanka,0,1,0,1
1948,Trinidad And Tobago,0,1,0,1
1948,Bulgaria,0,0,0,0
1948,Lebanon,0,0,0,0
1948,Venezuela,0,0,0,0
1948,Bahamas,0,0,0,0
1948,Iceland,0,0,0,0
1948,Pakistan,0,0,0,0
1948,United Team Of Germany,0,0,0,0
1948,Chinese Taipei,0,0,0,0
1948,Ethiopia,0,0,0,0
1948,Ghana,0,0,0,0
1948,Iraq,0,0,0,0
1948,Morocco,0,0,0,0
1948,Singapore,0,0,0,0
1948,Kenya,0,0,0,0
1948,Nigeria,0,0,0,0
1948,Tunisia,0,0,0,0
1948,Cameroon,0,0,0,0
1948,East Germany,0,0,0,0
1948,Mongolia,0,0,0,0
1948,Taiwan,0,0,0,0
1948,Uganda,0,0,0,0
1948,Colombia,0,0,0,0
1948,Niger,0,0,0,0
1948,North Korea,0,0,0,0
1948,Bermuda,0,0,0,0
1948,Thailand,0,0,0,0
1948,Guyana,0,0,0,0
1948,Tanzania,0,0,0,0
1948,Zimbabwe,0,0,0,0
1948,Algeria,0,0,0,0
1948,China,0,0,0,0
1948,Dominican Republic,0,0,0,0
1948,Ivory Coast,0,0,0,0
1948,Syria,0,0,0,0
1948,Zambia,0,0,0,0
1948,Costa Rica,0,0,0,0
1948,Djibouti,0,0,0,0
1948,Indonesia,0,0,0,0
1948,Senegal,0,0,0,0
1948,Suriname,0,0,0,0
1948,Virgin Islands,0,0,0,0
1948,Croatia,0,0,0,0
1948,Israel,0,0,0,0
1948,Lithuania,0,0,0,0
1948,Malaysia,0,0,0,0
1948,Namibia,0,0,0,0
1948,Qatar,0,0,0,0
1948,Slovenia,0,0,0,0
1948,Armenia,0,0,0,0
1948,Azerbaijan,0,0,0,0
1948,Belarus,0,0,0,0
1948,Burundi,0,0,0,0
1948,Czech Republic,0,0,0,0
1948,Ecuador,0,0,0,0
1948,Georgia,0,0,0,0
1948,Hong Kong,0,0,0,0
1948,Kazakhstan,0,0,0,0
1948,Moldova,0,0,0,0
1948,Mozambique,0,0,0,0
1948,Serbia And Montenegro,0,0,0,0
1948,Slovakia,0,0,0,0
1948,Tonga,0,0,0,0
1948,Ukraine,0,0,0,0
1948,Uzbekistan,0,0,0,0
1948,Barbados,0,0,0,0
1948,Kuwait,0,0,0,0
1948,Kyrgyzstan,0,0,0,0
1948,North Macedonia,0,0,0,0
1948,Saudi Arabia,0,0,0,0
1948,Vietnam,0,0,0,0
1948,Eritrea,0,0,0,0
1948,Paraguay,0,0,0,0
1948,United Arab Emirates,0,0,0,0
1948,Afghanistan,0,0,0,0
1948,Mauritius,0,0,0,0
1948,Samoa,0,0,0,0
1948,Serbia,0,0,0,0
1948,Sudan,0,0,0,0
1948,Tajikistan,0,0,0,0
1948,Togo,0,0,0,0
1948,Bahrain,0,0,0,0
1948,Botswana,0,0,0,0
1948,Cyprus,0,0,0,0
1948,Gabon,0,0,0,0
1948,Grenada,0,0,0,0
1948,Guatemala,0,0,0,0
1948,Montenegro,0,0,0,0
1948,Fiji,0,0,0,0
1948,Independent Olympic Athletes,0,0,0,0
1948,Jordan,0,0,0,0
1948,Kosovo,0,0,0,0
1948,Burkina Faso,0,0,0,0
1948,North North Macedonia,0,0,0,0
1948,San Marino,0,0,0,0
1948,Turkmenistan,0,0,0,0
1948,Albania,0,0,0,0
1948,Cabo Verde,0,0,0,0
1948,Dominica,0,0,0,0
1948,Saint Lucia,0,0,0,0
1952,Australia,6,2,3,11
1952,Austria,0,1,1,2
1952,Denmark,2,1,3,6
1952,France,6,6,6,18
1952,Germany,0,7,17,24
1952,Greece,0,0,0,0
1952,Hungary,16,10,16,42
1952,Switzerland,2,6,6,14
1952,United Kingdom,1,2,8,11
1952,United States,40,19,17,76
1952,Belgium,2,2,0,4
1952,Canada,1,2,0,3
1952,Cuba,0,0,0,0
1952,India,1,0,1,2
1952,Italy,8,9,4,21
1952,Luxembourg,1,0,0,1
1952,Netherlands,0,5,0,5
1952,Norway,3,2,0,5
1952,Spain,0,1,0,1
1952,Sweden,12,13,10,35
1952,Finland,6,3,13,22
1952,South Africa,2,4,4,10
1952,Brazil,1,0,2,3
1952,Estonia,0,0,0,0
1952,Japan,1,6,2,9
1952,New Zealand,1,0,2,3
1952,Argentina,1,2,2,5
1952,Haiti,0,0,0,0
1952,Poland,1,2,1,4
1952,Portugal,0,0,1,1
1952,Romania,1,1,2,4
1952,Uruguay,0,0,2,2
1952,Chile,0,2,0,2
1952,Egypt,0,0,1,1
1952,Ireland,0,1,0,1
1952,Philippines,0,0,0,0
1952,Latvia,0,0,0,0
1952,Mexico,0,1,0,1
1952,Turkey,2,0,1,3
1952,Iran,0,3,4,7
1952,Jamaica,2,3,0,5
1952,Panama,0,0,0,0
1952,Peru,0,0,0,0
1952,Puerto Rico,0,0,0,0
1952,South Korea,0,0,2,2
1952,Sri Lanka,0,0,0,0
1952,Trinidad And Tobago,0,0,2,2
1952,Bulgaria,0,0,1,1
1952,Lebanon,0,1,1,2
1952,Venezuela,0,0,1,1
1952,Bahamas,0,0,0,0
1952,Iceland,0,0,0,0
1952,Pakistan,0,0,0,0
1952,United Team Of Germany,0,0,0,0
1952,Chinese Taipei,0,0,0,0
1952,Ethiopia,0,0,0,0
1952,Ghana,0,0,0,0
1952,Iraq,0,0,0,0
1952,Morocco,0,0,0,0
1952,Singapore,0,0,0,0
1952,Kenya,0,0,0,0
1952,Nigeria,0,0,0,0
1952,Tunisia,0,0,0,0
1952,Cameroon,0,0,0,0
1952,East Germany,0,0,0,0
1952,Mongolia,0,0,0,0
1952,Taiwan,0,0,0,0
1952,Uganda,0,0,0,0
1952,Colombia,0,0,0,0
1952,Niger,0,0,0,0
1952,North Korea,0,0,0,0
1952,Bermuda,0,0,0,0
1952,Thailand,0,0,0,0
1952,Guyana,0,0,0,0
1952,Tanzania,0,0,0,0
1952,Zimbabwe,0,0,0,0
1952,Algeria,0,0,0,0
1952,China,0,0,0,0
1952,Dominican Republic,0,0,0,0
1952,Ivory Coast,0,0,0,0
1952,Syria,0,0,0,0
1952,Zambia,0,0,0,0
1952,Costa Rica,0,0,0,0
1952,Djibouti,0,0,0,0
1952,Indonesia,0,0,0,0
1952,Senegal,0,0,0,0
1952,Suriname,0,0,0,0
1952,Virgin Islands,0,0,0,0
1952,Croatia,0,0,0,0
1952,Israel,0,0,0,0
1952,Lithuania,0,0,0,0
1952,Malaysia,0,0,0,0
1952,Namibia,0,0,0,0
1952,Qatar,0,0,0,0
1952,Slovenia,0,0,0,0
1952,Armenia,0,0,0,0
1952,Azerbaijan,0,0,0,0
1952,Belarus,0,0,0,0
1952,Burundi,0,0,0,0
1952,Czech Republic,0,0,0,0
1952,Ecuador,0,0,0,0
1952,Georgia,0,0,0,0
1952,Hong Kong,0,0,0,0
1952,Kazakhstan,0,0,0,0
1952,Moldova,0,0,0,0
1952,Mozambique,0,0,0,0
1952,Serbia And Montenegro,0,0,0,0
1952,Slovakia,0,0,0,0
1952,Tonga,0,0,0,0
1952,Ukraine,0,0,0,0
1952,Uzbekistan,0,0,0,0
1952,Barbados,0,0,0,0
1952,Kuwait,0,0,0,0
1952,Kyrgyzstan,0,0,0,0
1952,North Macedonia,0,0,0,0
1952,Saudi Arabia,0,0,0,0
1952,Vietnam,0,0,0,0
1952,Eritrea,0,0,0,0
1952,Paraguay,0,0,0,0
1952,United Arab Emirates,0,0,0,0
1952,Afghanistan,0,0,0,0
1952,Mauritius,0,0,0,0
1952,Samoa,0,0,0,0
1952,Serbia,0,0,0,0
1952,Sudan,0,0,0,0
1952,Tajikistan,0,0,0,0
1952,Togo,0,0,0,0
1952,Bahrain,0,0,0,0
1952,Botswana,0,0,0,0
1952,Cyprus,0,0,0,0
1952,Gabon,0,0,0,0
1952,Grenada,0,0,0,0
1952,Guatemala,0,0,0,0
1952,Montenegro,0,0,0,0
1952,Fiji,0,0,0,0
1952,Independent Olympic Athletes,0,0,0,0
1952,Jordan,0,0,0,0
1952,Kosovo,0,0,0,0
1952,Burkina Faso,0,0,0,0
1952,North North Macedonia,0,0,0,0
1952,San Marino,0,0,0,0
1952,Turkmenistan,0,0,0,0
1952,Albania,0,0,0,0
1952,Cabo Verde,0,0,0,0
1952,Dominica,0,0,0,0
1952,Saint Lucia,0,0,0,0
1956,Australia,13,8,14,35
1956,Austria,0,0,2,2
1956,Denmark,1,2,1,4
1956,France,4,4,6,14
1956,Germany,0,0,0,0
1956,Greece,0,0,1,1
1956,Hungary,9,10,7,26
1956,Switzerland,0,0,1,1
1956,United Kingdom,6,7,11,24
1956,United States,32,25,17,74
1956,Belgium,0,2,0,2
1956,Canada,2,1,3,6
1956,Cuba,0,0,0,0
1956,India,1,0,0,1
1956,Italy,8,8,9,25
1956,Luxembourg,0,0,0,0
1956,Netherlands,0,0,0,0
1956,Norway,1,0,2,3
1956,Spain,0,0,0,0
1956,Sweden,8,5,6,19
1956,Finland,3,1,11,15
1956,South Africa,0,0,4,4
1956,Brazil,1,0,0,1
1956,Estonia,0,0,0,0
1956,Japan,4,10,5,19
1956,New Zealand,2,0,0,2
1956,Argentina,0,1,1,2
1956,Haiti,0,0,0,0
1956,Poland,1,4,4,9
1956,Portugal,0,0,0,0
1956,Romania,5,3,5,13
1956,Uruguay,0,0,1,1
1956,Chile,0,2,2,4
1956,Egypt,0,0,0,0
1956,Ireland,1,1,3,5
1956,Philippines,0,0,0,0
1956,Latvia,0,0,0,0
1956,Mexico,1,0,1,2
1956,Turkey,3,2,2,7
1956,Iran,2,2,1,5
1956,Jamaica,0,0,0,0
1956,Panama,0,0,0,0
1956,Peru,0,0,0,0
1956,Puerto Rico,0,0,0,0
1956,South Korea,0,1,1,2
1956,Sri Lanka,0,0,0,0
1956,Trinidad And Tobago,0,0,0,0
1956,Bulgaria,1,3,1,5
1956,Lebanon,0,0,0,0
1956,Venezuela,0,0,0,0
1956,Bahamas,0,0,1,1
1956,Iceland,0,1,0,1
1956,Pakistan,0,1,0,1
1956,United Team Of Germany,6,13,7,26
1956,Chinese Taipei,0,0,0,0
1956,Ethiopia,0,0,0,0
1956,Ghana,0,0,0,0
1956,Iraq,0,0,0,0
1956,Morocco,0,0,0,0
1956,Singapore,0,0,0,0
1956,Kenya,0,0,0,0
1956,Nigeria,0,0,0,0
1956,Tunisia,0,0,0,0
1956,Cameroon,0,0,0,0
1956,East Germany,0,0,0,0
1956,Mongolia,0,0,0,0
1956,Taiwan,0,0,0,0
1956,Uganda,0,0,0,0
1956,Colombia,0,0,0,0
1956,Niger,0,0,0,0
1956,North Korea,0,0,0,0
1956,Bermuda,0,0,0,0
1956,Thailand,0,0,0,0
1956,Guyana,0,0,0,0
1956,Tanzania,0,0,0,0
1956,Zimbabwe,0,0,0,0
1956,Algeria,0,0,0,0
1956,China,0,0,0,0
1956,Dominican Republic,0,0,0,0
1956,Ivory Coast,0,0,0,0
1956,Syria,0,0,0,0
1956,Zambia,0,0,0,0
1956,Costa Rica,0,0,0,0
1956,Djibouti,0,0,0,0
1956,Indonesia,0,0,0,0
1956,Senegal,0,0,0,0
1956,Suriname,0,0,0,0
1956,Virgin Islands,0,0,0,0
1956,Croatia,0,0,0,0
1956,Israel,0,0,0,0
1956,Lithuania,0,0,0,0
1956,Malaysia,0,0,0,0
1956,Namibia,0,0,0,0
1956,Qatar,0,0,0,0
1956,Slovenia,0,0,0,0
1956,Armenia,0,0,0,0
1956,Azerbaijan,0,0,0,0
1956,Belarus,0,0,0,0
1956,Burundi,0,0,0,0
1956,Czech Republic,0,0,0,0
1956,Ecuador,0,0,0,0
1956,Georgia,0,0,0,0
1956,Hong Kong,0,0,0,0
1956,Kazakhstan,0,0,0,0
1956,Moldova,0,0,0,0
1956,Mozambique,0,0,0,0
1956,Serbia And Montenegro,0,0,0,0
1956,Slovakia,0,0,0,0
1956,Tonga,0,0,0,0
1956,Ukraine,0,0,0,0
1956,Uzbekistan,0,0,0,0
1956,Barbados,0,0,0,0
1956,Kuwait,0,0,0,0
1956,Kyrgyzstan,0,0,0,0
1956,North Macedonia,0,0,0,0
1956,Saudi Arabia,0,0,0,0
1956,Vietnam,0,0,0,0
1956,Eritrea,0,0,0,0
1956,Paraguay,0,0,0,0
1956,United Arab Emirates,0,0,0,0
1956,Afghanistan,0,0,0,0
1956,Mauritius,0,0,0,0
1956,Samoa,0,0,0,0
1956,Serbia,0,0,0,0
1956,Sudan,0,0,0,0
1956,Tajikistan,0,0,0,0
1956,Togo,0,0,0,0
1956,Bahrain,0,0,0,0
1956,Botswana,0,0,0,0
1956,Cyprus,0,0,0,0
1956,Gabon,0,0,0,0
1956,Grenada,0,0,0,0
1956,Guatemala,0,0,0,0
1956,Montenegro,0,0,0,0
1956,Fiji,0,0,0,0
1956,Independent Olympic Athletes,0,0,0,0
1956,Jordan,0,0,0,0
1956,Kosovo,0,0,0,0
1956,Burkina Faso,0,0,0,0
1956,North North Macedonia,0,0,0,0
1956,San Marino,0,0,0,0
1956,Turkmenistan,0,0,0,0
1956,Albania,0,0,0,0
1956,Cabo Verde,0,0,0,0
1956,Dominica,0,0,0,0
1956,Saint Lucia,0,0,0,0
1960,Australia,8,8,6,22
1960,Austria,1,1,0,2
1960,Denmark,2,3,1,6
1960,France,0,2,3,5
1960,Germany,0,0,0,0
1960,Greece,1,0,0,1
1960,Hungary,6,8,7,21
1960,Switzerland,0,3,3,6
1960,United Kingdom,2,6,12,20
1960,United States,34,21,16,71
1960,Belgium,0,2,2,4
1960,Canada,0,1,0,1
1960,Cuba,0,0,0,0
1960,India,0,1,0,1
1960,Italy,13,10,13,36
1960,Luxembourg,0,0,0,0
1960,Netherlands,0,1,2,3
1960,Norway,1,0,0,1
1960,Spain,0,0,1,1
1960,Sweden,1,2,3,6
1960,Finland,1,1,3,5
1960,South Africa,0,1,2,3
1960,Brazil,0,0,2,2
1960,Estonia,0,0,0,0
1960,Japan,4,7,7,18
1960,New Zealand,2,0,1,3
1960,Argentina,0,1,1,2
1960,Haiti,0,0,0,0
1960,Poland,4,6,11,21
1960,Portugal,0,1,0,1
1960,Romania,3,1,6,10
1960,Uruguay,0,0,0,0
1960,Chile,0,0,0,0
1960,Egypt,0,1,1,2
1960,Ireland,0,0,0,0
1960,Philippines,0,0,0,0
1960,Latvia,0,0,0,0
1960,Mexico,0,0,1,1
1960,Turkey,7,2,0,9
1960,Iran,0,1,3,4
1960,Jamaica,0,0,0,0
1960,Panama,0,0,0,0
1960,Peru,0,0,0,0
1960,Puerto Rico,0,0,0,0
1960,South Korea,0,0,0,0
1960,Sri Lanka,0,0,0,0
1960,Trinidad And Tobago,0,0,0,0
1960,Bulgaria,1,3,3,7
1960,Lebanon,0,0,0,0
1960,Venezuela,0,0,1,1
1960,Bahamas,0,0,0,0
1960,Iceland,0,0,0,0
1960,Pakistan,1,0,1,2
1960,United Team Of Germany,12,19,11,42
1960,Chinese Taipei,0,1,0,1
1960,Ethiopia,1,0,0,1
1960,Ghana,0,1,0,1
1960,Iraq,0,0,1,1
1960,Morocco,0,1,0,1
1960,Singapore,0,1,0,1
1960,Kenya,0,0,0,0
1960,Nigeria,0,0,0,0
1960,Tunisia,0,0,0,0
1960,Cameroon,0,0,0,0
1960,East Germany,0,0,0,0
1960,Mongolia,0,0,0,0
1960,Taiwan,0,0,0,0
1960,Uganda,0,0,0,0
1960,Colombia,0,0,0,0
1960,Niger,0,0,0,0
1960,North Korea,0,0,0,0
1960,Bermuda,0,0,0,0
1960,Thailand,0,0,0,0
1960,Guyana,0,0,0,0
1960,Tanzania,0,0,0,0
1960,Zimbabwe,0,0,0,0
1960,Algeria,0,0,0,0
1960,China,0,0,0,0
1960,Dominican Republic,0,0,0,0
1960,Ivory Coast,0,0,0,0
1960,Syria,0,0,0,0
1960,Zambia,0,0,0,0
1960,Costa Rica,0,0,0,0
1960,Djibouti,0,0,0,0
1960,Indonesia,0,0,0,0
1960,Senegal,0,0,0,0
1960,Suriname,0,0,0,0
1960,Virgin Islands,0,0,0,0
1960,Croatia,0,0,0,0
1960,Israel,0,0,0,0
1960,Lithuania,0,0,0,0
1960,Malaysia,0,0,0,0
1960,Namibia,0,0,0,0
1960,Qatar,0,0,0,0
1960,Slovenia,0,0,0,0
1960,Armenia,0,0,0,0
1960,Azerbaijan,0,0,0,0
1960,Belarus,0,0,0,0
1960,Burundi,0,0,0,0
1960,Czech Republic,0,0,0,0
1960,Ecuador,0,0,0,0
1960,Georgia,0,0,0,0
1960,Hong Kong,0,0,0,0
1960,Kazakhstan,0,0,0,0
1960,Moldova,0,0,0,0
1960,Mozambique,0,0,0,0
1960,Serbia And Montenegro,0,0,0,0
1960,Slovakia,0,0,0,0
1960,Tonga,0,0,0,0
1960,Ukraine,0,0,0,0
1960,Uzbekistan,0,0,0,0
1960,Barbados,0,0,0,0
1960,Kuwait,0,0,0,0
1960,Kyrgyzstan,0,0,0,0
1960,North Macedonia,0,0,0,0
1960,Saudi Arabia,0,0,0,0
1960,Vietnam,0,0,0,0
1960,Eritrea,0,0,0,0
1960,Paraguay,0,0,0,0
1960,United Arab Emirates,0,0,0,0
1960,Afghanistan,0,0,0,0
1960,Mauritius,0,0,0,0
1960,Samoa,0,0,0,0
1960,Serbia,0,0,0,0
1960,Sudan,0,0,0,0
1960,Tajikistan,0,0,0,0
1960,Togo,0,0,0,0
1960,Bahrain,0,0,0,0
1960,Botswana,0,0,0,0
1960,Cyprus,0,0,0,0
1960,Gabon,0,0,0,0
1960,Grenada,0,0,0,0
1960,Guatemala,0,0,0,0
1960,Montenegro,0,0,0,0
1960,Fiji,0,0,0,0
1960,Independent Olympic Athletes,0,0,0,0
1960,Jordan,0,0,0,0
1960,Kosovo,0,0,0,0
1960,Burkina Faso,0,0,0,0
1960,North North Macedonia,0,0,0,0
1960,San Marino,0,0,0,0
1960,Turkmenistan,0,0,0,0
1960,Albania,0,0,0,0
1960,Cabo Verde,0,0,0,0
1960,Dominica,0,0,0,0
1960,Saint Lucia,0,0,0,0
1964,Australia,6,2,10,18
1964,Austria,0,0,0,0
1964,Denmark,2,1,3,6
1964,France,1,8,6,15
1964,Germany,0,0,0,0
1964,Greece,0,0,0,0
1964,Hungary,10,7,5,22
1964,Switzerland,1,2,1,4
1964,United Kingdom,4,12,2,18
1964,United States,36,26,28,90
1964,Belgium,2,0,1,3
1964,Canada,1,2,1,4
1964,Cuba,0,1,0,1
1964,India,1,0,0,1
1964,Italy,10,10,7,27
1964,Luxembourg,0,0,0,0
1964,Netherlands,2,4,4,10
1964,Norway,0,0,0,0
1964,Spain,0,0,0,0
1964,Sweden,2,2,4,8
1964,Finland,3,0,2,5
1964,South Africa,0,0,0,0
1964,Brazil,0,0,1,1
1964,Estonia,0,0,0,0
1964,Japan,16,5,8,29
1964,New Zealand,3,0,2,5
1964,Argentina,0,1,0,1
1964,Haiti,0,0,0,0
1964,Poland,7,6,10,23
1964,Portugal,0,0,0,0
1964,Romania,2,4,6,12
1964,Uruguay,0,0,1,1
1964,Chile,0,0,0,0
1964,Egypt,0,0,0,0
1964,Ireland,0,0,1,1
1964,Philippines,0,1,0,1
1964,Latvia,0,0,0,0
1964,Mexico,0,0,1,1
1964,Turkey,2,3,1,6
1964,Iran,0,0,2,2
1964,Jamaica,0,0,0,0
1964,Panama,0,0,0,0
1964,Peru,0,0,0,0
1964,Puerto Rico,0,0,0,0
1964,South Korea,0,2,1,3
1964,Sri Lanka,0,0,0,0
1964,Trinidad And Tobago,0,1,2,3
1964,Bulgaria,3,5,2,10
1964,Lebanon,0,0,0,0
1964,Venezuela,0,0,0,0
1964,Bahamas,1,0,0,1
1964,Iceland,0,0,0,0
1964,Pakistan,0,1,0,1
1964,United Team Of Germany,10,22,18,50
1964,Chinese Taipei,0,0,0,0
1964,Ethiopia,1,0,0,1
1964,Ghana,0,0,1,1
1964,Iraq,0,0,0,0
1964,Morocco,0,0,0,0
1964,Singapore,0,0,0,0
1964,Kenya,0,0,1,1
1964,Nigeria,0,0,1,1
1964,Tunisia,0,1,1,2
1964,Cameroon,0,0,0,0
1964,East Germany,0,0,0,0
1964,Mongolia,0,0,0,0
1964,Taiwan,0,0,0,0
1964,Uganda,0,0,0,0
1964,Colombia,0,0,0,0
1964,Niger,0,0,0,0
1964,North Korea,0,0,0,0
1964,Bermuda,0,0,0,0
1964,Thailand,0,0,0,0
1964,Guyana,0,0,0,0
1964,Tanzania,0,0,0,0
1964,Zimbabwe,0,0,0,0
1964,Algeria,0,0,0,0
1964,China,0,0,0,0
1964,Dominican Republic,0,0,0,0
1964,Ivory Coast,0,0,0,0
1964,Syria,0,0,0,0
1964,Zambia,0,0,0,0
1964,Costa Rica,0,0,0,0
1964,Djibouti,0,0,0,0
1964,Indonesia,0,0,0,0
1964,Senegal,0,0,0,0
1964,Suriname,0,0,0,0
1964,Virgin Islands,0,0,0,0
1964,Croatia,0,0,0,0
1964,Israel,0,0,0,0
1964,Lithuania,0,0,0,0
1964,Malaysia,0,0,0,0
1964,Namibia,0,0,0,0
1964,Qatar,0,0,0,0
1964,Slovenia,0,0,0,0
1964,Armenia,0,0,0,0
1964,Azerbaijan,0,0,0,0
1964,Belarus,0,0,0,0
1964,Burundi,0,0,0,0
1964,Czech Republic,0,0,0,0
1964,Ecuador,0,0,0,0
1964,Georgia,0,0,0,0
1964,Hong Kong,0,0,0,0
1964,Kazakhstan,0,0,0,0
1964,Moldova,0,0,0,0
1964,Mozambique,0,0,0,0
1964,Serbia And Montenegro,0,0,0,0
1964,Slovakia,0,0,0,0
1964,Tonga,0,0,0,0
1964,Ukraine,0,0,0,0
1964,Uzbekistan,0,0,0,0
1964,Barbados,0,0,0,0
1964,Kuwait,0,0,0,0
1964,Kyrgyzstan,0,0,0,0
1964,North Macedonia,0,0,0,0
1964,Saudi Arabia,0,0,0,0
1964,Vietnam,0,0,0,0
1964,Eritrea,0,0,0,0
1964,Paraguay,0,0,0,0
1964,United Arab Emirates,0,0,0,0
1964,Afghanistan,0,0,0,0
1964,Mauritius,0,0,0,0
1964,Samoa,0,0,0,0
1964,Serbia,0,0,0,0
1964,Sudan,0,0,0,0
1964,Tajikistan,0,0,0,0
1964,Togo,0,0,0,0
1964,Bahrain,0,0,0,0
1964,Botswana,0,0,0,0
1964,Cyprus,0,0,0,0
1964,Gabon,0,0,0,0
1964,Grenada,0,0,0,0
1964,Guatemala,0,0,0,0
1964,Montenegro,0,0,0,0
1964,Fiji,0,0,0,0
1964,Independent Olympic Athletes,0,0,0,0
1964,Jordan,0,0,0,0
1964,Kosovo,0,0,0,0
1964,Burkina Faso,0,0,0,0
1964,North North Macedonia,0,0,0,0
1964,San Marino,0,0,0,0
1964,Turkmenistan,0,0,0,0
1964,Albania,0,0,0,0
1964,Cabo Verde,0,0,0,0
1964,Dominica,0,0,0,0
1964,Saint Lucia,0,0,0,0
1968,Australia,5,7,5,17
1968,Austria,0,2,2,4
1968,Denmark,1,4,3,8
1968,France,7,3,5,15
1968,Germany,0,0,0,0
1968,Greece,0,0,1,1
1968,Hungary,10,10,12,32
1968,Switzerland,0,1,4,5
1968,United Kingdom,5,5,3,13
1968,United States,45,28,34,107
1968,Belgium,0,1,1,2
1968,Canada,1,3,1,5
1968,Cuba,0,4,0,4
1968,India,0,0,1,1
1968,Italy,3,4,9,16
1968,Luxembourg,0,0,0,0
1968,Netherlands,3,3,1,7
1968,Norway,1,1,0,2
1968,Spain,0,0,0,0
1968,Sweden,2,1,1,4
1968,Finland,1,2,1,4
1968,South Africa,0,0,0,0
1968,Brazil,0,1,2,3
1968,Estonia,0,0,0,0
1968,Japan,11,7,7,25
1968,New Zealand,1,0,2,3
1968,Argentina,0,0,2,2
1968,Haiti,0,0,0,0
1968,Poland,5,2,11,18
1968,Portugal,0,0,0,0
1968,Romania,4,6,5,15
1968,Uruguay,0,0,0,0
1968,Chile,0,0,0,0
1968,Egypt,0,0,0,0
1968,Ireland,0,0,0,0
1968,Philippines,0,0,0,0
1968,Latvia,0,0,0,0
1968,Mexico,3,3,3,9
1968,Turkey,2,0,0,2
1968,Iran,2,1,2,5
1968,Jamaica,0,1,0,1
1968,Panama,0,0,0,0
1968,Peru,0,0,0,0
1968,Puerto Rico,0,0,0,0
1968,South Korea,0,1,1,2
1968,Sri Lanka,0,0,0,0
1968,Trinidad And Tobago,0,0,0,0
1968,Bulgaria,2,4,3,9
1968,Lebanon,0,0,0,0
1968,Venezuela,1,0,0,1
1968,Bahamas,0,0,0,0
1968,Iceland,0,0,0,0
1968,Pakistan,1,0,0,1
1968,United Team Of Germany,0,0,0,0
1968,Chinese Taipei,0,0,0,0
1968,Ethiopia,1,1,0,2
1968,Ghana,0,0,0,0
1968,Iraq,0,0,0,0
1968,Morocco,0,0,0,0
1968,Singapore,0,0,0,0
1968,Kenya,3,4,2,9
1968,Nigeria,0,0,0,0
1968,Tunisia,1,0,1,2
1968,Cameroon,0,1,0,1
1968,East Germany,9,9,7,25
1968,Mongolia,0,1,3,4
1968,Taiwan,0,0,1,1
1968,Uganda,0,1,1,2
1968,Colombia,0,0,0,0
1968,Niger,0,0,0,0
1968,North Korea,0,0,0,0
1968,Bermuda,0,0,0,0
1968,Thailand,0,0,0,0
1968,Guyana,0,0,0,0
1968,Tanzania,0,0,0,0
1968,Zimbabwe,0,0,0,0
1968,Algeria,0,0,0,0
1968,China,0,0,0,0
1968,Dominican Republic,0,0,0,0
1968,Ivory Coast,0,0,0,0
1968,Syria,0,0,0,0
1968,Zambia,0,0,0,0
1968,Costa Rica,0,0,0,0
1968,Djibouti,0,0,0,0
1968,Indonesia,0,0,0,0
1968,Senegal,0,0,0,0
1968,Suriname,0,0,0,0
1968,Virgin Islands,0,0,0,0
1968,Croatia,0,0,0,0
1968,Israel,0,0,0,0
1968,Lithuania,0,0,0,0
1968,Malaysia,0,0,0,0
1968,Namibia,0,0,0,0
1968,Qatar,0,0,0,0
1968,Slovenia,0,0,0,0
1968,Armenia,0,0,0,0
1968,Azerbaijan,0,0,0,0
1968,Belarus,0,0,0,0
1968,Burundi,0,0,0,0
1968,Czech Republic,0,0,0,0
1968,Ecuador,0,0,0,0
1968,Georgia,0,0,0,0
1968,Hong Kong,0,0,0,0
1968,Kazakhstan,0,0,0,0
1968,Moldova,0,0,0,0
1968,Mozambique,0,0,0,0
1968,Serbia And Montenegro,0,0,0,0
1968,Slovakia,0,0,0,0
1968,Tonga,0,0,0,0
1968,Ukraine,0,0,0,0
1968,Uzbekistan,0,0,0,0
1968,Barbados,0,0,0,0
1968,Kuwait,0,0,0,0
1968,Kyrgyzstan,0,0,0,0
1968,North Macedonia,0,0,0,0
1968,Saudi Arabia,0,0,0,0
1968,Vietnam,0,0,0,0
1968,Eritrea,0,0,0,0
1968,Paraguay,0,0,0,0
1968,United Arab Emirates,0,0,0,0
1968,Afghanistan,0,0,0,0
1968,Mauritius,0,0,0,0
1968,Samoa,0,0,0,0
1968,Serbia,0,0,0,0
1968,Sudan,0,0,0,0
1968,Tajikistan,0,0,0,0
1968,Togo,0,0,0,0
1968,Bahrain,0,0,0,0
1968,Botswana,0,0,0,0
1968,Cyprus,0,0,0,0
1968,Gabon,0,0,0,0
1968,Grenada,0,0,0,0
1968,Guatemala,0,0,0,0
1968,Montenegro,0,0,0,0
1968,Fiji,0,0,0,0
1968,Independent Olympic Athletes,0,0,0,0
1968,Jordan,0,0,0,0
1968,Kosovo,0,0,0,0
1968,Burkina Faso,0,0,0,0
1968,North North Macedonia,0,0,0,0
1968,San Marino,0,0,0,0
1968,Turkmenistan,0,0,0,0
1968,Albania,0,0,0,0
1968,Cabo Verde,0,0,0,0
1968,Dominica,0,0,0,0
1968,Saint Lucia,0,0,0,0
1972,Australia,8,7,2,17
1972,Austria,0,1,2,3
1972,Denmark,1,0,0,1
1972,France,2,4,7,13
1972,Germany,0,0,0,0
1972,Greece,0,2,0,2
1972,Hungary,6,13,16,35
1972,Switzerland,0,3,0,3
1972,United Kingdom,4,5,9,18
1972,United States,33,31,30,94
1972,Belgium,0,2,0,2
1972,Canada,0,2,3,5
1972,Cuba,3,1,4,8
1972,India,0,0,1,1
1972,Italy,5,3,10,18
1972,Luxembourg,0,0,0,0
1972,Netherlands,3,1,1,5
1972,Norway,2,1,1,4
1972,Spain,0,0,1,1
1972,Sweden,4,6,6,16
1972,Finland,3,1,4,8
1972,South Africa,0,0,0,0
1972,Brazil,0,0,2,2
1972,Estonia,0,0,0,0
1972,Japan,13,8,8,29
1972,New Zealand,1,1,1,3
1972,Argentina,0,1,0,1
1972,Haiti,0,0,0,0
1972,Poland,7,5,9,21
1972,Portugal,0,0,0,0
1972,Romania,3,6,7,16
1972,Uruguay,0,0,0,0
1972,Chile,0,0,0,0
1972,Egypt,0,0,0,0
1972,Ireland,0,0,0,0
1972,Philippines,0,0,0,0
1972,Latvia,0,0,0,0
1972,Mexico,0,1,0,1
1972,Turkey,0,1,0,1
1972,Iran,0,2,1,3
1972,Jamaica,0,0,1,1
1972,Panama,0,0,0,0
1972,Peru,0,0,0,0
1972,Puerto Rico,0,0,0,0
1972,South Korea,0,1,0,1
1972,Sri Lanka,0,0,0,0
1972,Trinidad And Tobago,0,0,0,0
1972,Bulgaria,6,10,5,21
1972,Lebanon,0,1,0,1
1972,Venezuela,0,0,0,0
1972,Bahamas,0,0,0,0
1972,Iceland,0,0,0,0
1972,Pakistan,0,1,0,1
1972,United Team Of Germany,0,0,0,0
1972,Chinese Taipei,0,0,0,0
1972,Ethiopia,0,0,2,2
1972,Ghana,0,0,1,1
1972,Iraq,0,0,0,0
1972,Morocco,0,0,0,0
1972,Singapore,0,0,0,0
1972,Kenya,2,3,4,9
1972,Nigeria,0,0,1,1
1972,Tunisia,0,1,0,1
1972,Cameroon,0,0,0,0
1972,East Germany,20,23,23,66
1972,Mongolia,0,1,0,1
1972,Taiwan,0,0,0,0
1972,Uganda,1,1,0,2
1972,Colombia,0,1,2,3
1972,Niger,0,0,1,1
1972,North Korea,1,1,3,5
1972,Bermuda,0,0,0,0
1972,Thailand,0,0,0,0
1972,Guyana,0,0,0,0
1972,Tanzania,0,0,0,0
1972,Zimbabwe,0,0,0,0
1972,Algeria,0,0,0,0
1972,China,0,0,0,0
1972,Dominican Republic,0,0,0,0
1972,Ivory Coast,0,0,0,0
1972,Syria,0,0,0,0
1972,Zambia,0,0,0,0
1972,Costa Rica,0,0,0,0
1972,Djibouti,0,0,0,0
1972,Indonesia,0,0,0,0
1972,Senegal,0,0,0,0
1972,Suriname,0,0,0,0
1972,Virgin Islands,0,0,0,0
1972,Croatia,0,0,0,0
1972,Israel,0,0,0,0
1972,Lithuania,0,0,0,0
1972,Malaysia,0,0,0,0
1972,Namibia,0,0,0,0
1972,Qatar,0,0,0,0
1972,Slovenia,0,0,0,0
1972,Armenia,0,0,0,0
1972,Azerbaijan,0,0,0,0
1972,Belarus,0,0,0,0
1972,Burundi,0,0,0,0
1972,Czech Republic,0,0,0,0
1972,Ecuador,0,0,0,0
1972,Georgia,0,0,0,0
1972,Hong Kong,0,0,0,0
1972,Kazakhstan,0,0,0,0
1972,Moldova,0,0,0,0
1972,Mozambique,0,0,0,0
1972,Serbia And Montenegro,0,0,0,0
1972,Slovakia,0,0,0,0
1972,Tonga,0,0,0,0
1972,Ukraine,0,0,0,0
1972,Uzbekistan,0,0,0,0
1972,Barbados,0,0,0,0
1972,Kuwait,0,0,0,0
1972,Kyrgyzstan,0,0,0,0
1972,North Macedonia,0,0,0,0
1972,Saudi Arabia,0,0,0,0
1972,Vietnam,0,0,0,0
1972,Eritrea,0,0,0,0
1972,Paraguay,0,0,0,0
1972,United Arab Emirates,0,0,0,0
1972,Afghanistan,0,0,0,0
1972,Mauritius,0,0,0,0
1972,Samoa,0,0,0,0
1972,Serbia,0,0,0,0
1972,Sudan,0,0,0,0
1972,Tajikistan,0,0,0,0
1972,Togo,0,0,0,0
1972,Bahrain,0,0,0,0
1972,Botswana,0,0,0,0
1972,Cyprus,0,0,0,0
1972,Gabon,0,0,0,0
1972,Grenada,0,0,0,0
1972,Guatemala,0,0,0,0
1972,Montenegro,0,0,0,0
1972,Fiji,0,0,0,0
1972,Independent Olympic Athletes,0,0,0,0
1972,Jordan,0,0,0,0
1972,Kosovo,0,0,0,0
1972,Burkina Faso,0,0,0,0
1972,North North Macedonia,0,0,0,0
1972,San Marino,0,0,0,0
1972,Turkmenistan,0,0,0,0
1972,Albania,0,0,0,0
1972,Cabo Verde,0,0,0,0
1972,Dominica,0,0,0,0
1972,Saint Lucia,0,0,0,0
1976,Australia,0,1,4,5
1976,Austria,0,0,1,1
1976,Denmark,1,0,2,3
1976,France,2,3,4,9
1976,Germany,0,0,0,0
1976,Greece,0,0,0,0
1976,Hungary,4,5,13,22
1976,Switzerland,1,1,2,4
1976,United Kingdom,3,5,5,13
1976,United States,34,35,25,94
1976,Belgium,0,3,3,6
1976,Canada,0,5,6,11
1976,Cuba,6,4,3,13
1976,India,0,0,0,0
1976,Italy,2,7,4,13
1976,Luxembourg,0,0,0,0
1976,Netherlands,0,2,3,5
1976,Norway,1,1,0,2
1976,Spain,0,2,0,2
1976,Sweden,4,1,0,5
1976,Finland,4,2,0,6
1976,South Africa,0,0,0,0
1976,Brazil,0,0,2,2
1976,Estonia,0,0,0,0
1976,Japan,9,6,10,25
1976,New Zealand,2,1,1,4
1976,Argentina,0,0,0,0
1976,Haiti,0,0,0,0
1976,Poland,7,6,13,26
1976,Portugal,0,2,0,2
1976,Romania,4,9,14,27
1976,Uruguay,0,0,0,0
1976,Chile,0,0,0,0
1976,Egypt,0,0,0,0
1976,Ireland,0,0,0,0
1976,Philippines,0,0,0,0
1976,Latvia,0,0,0,0
1976,Mexico,1,0,1,2
1976,Turkey,0,0,0,0
1976,Iran,0,1,1,2
1976,Jamaica,1,1,0,2
1976,Panama,0,0,0,0
1976,Peru,0,0,0,0
1976,Puerto Rico,0,0,1,1
1976,South Korea,1,1,4,6
1976,Sri Lanka,0,0,0,0
1976,Trinidad And Tobago,1,0,0,1
1976,Bulgaria,6,9,7,22
1976,Lebanon,0,0,0,0
1976,Venezuela,0,1,0,1
1976,Bahamas,0,0,0,0
1976,Iceland,0,0,0,0
1976,Pakistan,0,0,1,1
1976,United Team Of Germany,0,0,0,0
1976,Chinese Taipei,0,0,0,0
1976,Ethiopia,0,0,0,0
1976,Ghana,0,0,0,0
1976,Iraq,0,0,0,0
1976,Morocco,0,0,0,0
1976,Singapore,0,0,0,0
1976,Kenya,0,0,0,0
1976,Nigeria,0,0,0,0
1976,Tunisia,0,0,0,0
1976,Cameroon,0,0,0,0
1976,East Germany,40,25,25,90
1976,Mongolia,0,1,0,1
1976,Taiwan,0,0,0,0
1976,Uganda,0,0,0,0
1976,Colombia,0,0,0,0
1976,Niger,0,0,0,0
1976,North Korea,1,1,0,2
1976,Bermuda,0,0,1,1
1976,Thailand,0,0,1,1
1976,Guyana,0,0,0,0
1976,Tanzania,0,0,0,0
1976,Zimbabwe,0,0,0,0
1976,Algeria,0,0,0,0
1976,China,0,0,0,0
1976,Dominican Republic,0,0,0,0
1976,Ivory Coast,0,0,0,0
1976,Syria,0,0,0,0
1976,Zambia,0,0,0,0
1976,Costa Rica,0,0,0,0
1976,Djibouti,0,0,0,0
1976,Indonesia,0,0,0,0
1976,Senegal,0,0,0,0
1976,Suriname,0,0,0,0
1976,Virgin Islands,0,0,0,0
1976,Croatia,0,0,0,0
1976,Israel,0,0,0,0
1976,Lithuania,0,0,0,0
1976,Malaysia,0,0,0,0
1976,Namibia,0,0,0,0
1976,Qatar,0,0,0,0
1976,Slovenia,0,0,0,0
1976,Armenia,0,0,0,0
1976,Azerbaijan,0,0,0,0
1976,Belarus,0,0,0,0
1976,Burundi,0,0,0,0
1976,Czech Republic,0,0,0,0
1976,Ecuador,0,0,0,0
1976,Georgia,0,0,0,0
1976,Hong Kong,0,0,0,0
1976,Kazakhstan,0,0,0,0
1976,Moldova,0,0,0,0
1976,Mozambique,0,0,0,0
1976,Serbia And Montenegro,0,0,0,0
1976,Slovakia,0,0,0,0
1976,Tonga,0,0,0,0
1976,Ukraine,0,0,0,0
1976,Uzbekistan,0,0,0,0
1976,Barbados,0,0,0,0
1976,Kuwait,0,0,0,0
1976,Kyrgyzstan,0,0,0,0
1976,North Macedonia,0,0,0,0
1976,Saudi Arabia,0,0,0,0
1976,Vietnam,0,0,0,0
1976,Eritrea,0,0,0,0
1976,Paraguay,0,0,0,0
1976,United Arab Emirates,0,0,0,0
1976,Afghanistan,0,0,0,0
1976,Mauritius,0,0,0,0
1976,Samoa,0,0,0,0
1976,Serbia,0,0,0,0
1976,Sudan,0,0,0,0
1976,Tajikistan,0,0,0,0
1976,Togo,0,0,0,0
1976,Bahrain,0,0,0,0
1976,Botswana,0,0,0,0
1976,Cyprus,0,0,0,0
1976,Gabon,0,0,0,0
1976,Grenada,0,0,0,0
1976,Guatemala,0,0,0,0
1976,Montenegro,0,0,0,0
1976,Fiji,0,0,0,0
1976,Independent Olympic Athletes,0,0,0,0
1976,Jordan,0,0,0,0
1976,Kosovo,0,0,0,0
1976,Burkina Faso,0,0,0,0
1976,North North Macedonia,0,0,0,0
1976,San Marino,0,0,0,0
1976,Turkmenistan,0,0,0,0
1976,Albania,0,0,0,0
1976,Cabo Verde,0,0,0,0
1976,Dominica,0,0,0,0
1976,Saint Lucia,0,0,0,0
1980,Australia,2,2,5,9
1980,Austria,1,2,1,4
1980,Denmark,2,1,2,5
1980,France,6,5,3,14
1980,Germany,0,0,0,0
1980,Greece,1,0,2,3
1980,Hungary,7,10,15,32
1980,Switzerland,2,0,0,2
1980,United Kingdom,5,7,9,21
1980,United States,0,0,0,0
1980,Belgium,1,0,0,1
1980,Canada,0,0,0,0
1980,Cuba,8,7,5,20
1980,India,1,0,0,1
1980,Italy,8,3,4,15
1980,Luxembourg,0,0,0,0
1980,Netherlands,0,1,2,3
1980,Norway,0,0,0,0
1980,Spain,1,3,2,6
1980,Sweden,3,3,6,12
1980,Finland,3,1,4,8
1980,South Africa,0,0,0,0
1980,Brazil,2,0,2,4
1980,Estonia,0,0,0,0
1980,Japan,0,0,0,0
1980,New Zealand,0,0,0,0
1980,Argentina,0,0,0,0
1980,Haiti,0,0,0,0
1980,Poland,3,14,15,32
1980,Portugal,0,0,0,0
1980,Romania,6,6,13,25
1980,Uruguay,0,0,0,0
1980,Chile,0,0,0,0
1980,Egypt,0,0,0,0
1980,Ireland,0,1,1,2
1980,Philippines,0,0,0,0
1980,Latvia,0,0,0,0
1980,Mexico,0,1,3,4
1980,Turkey,0,0,0,0
1980,Iran,0,0,0,0
1980,Jamaica,0,0,3,3
1980,Panama,0,0,0,0
1980,Peru,0,0,0,0
1980,Puerto Rico,0,0,0,0
1980,South Korea,0,0,0,0
1980,Sri Lanka,0,0,0,0
1980,Trinidad And Tobago,0,0,0,0
1980,Bulgaria,8,16,17,41
1980,Lebanon,0,0,1,1
1980,Venezuela,0,1,0,1
1980,Bahamas,0,0,0,0
1980,Iceland,0,0,0,0
1980,Pakistan,0,0,0,0
1980,United Team Of Germany,0,0,0,0
1980,Chinese Taipei,0,0,0,0
1980,Ethiopia,2,0,2,4
1980,Ghana,0,0,0,0
1980,Iraq,0,0,0,0
1980,Morocco,0,0,0,0
1980,Singapore,0,0,0,0
1980,Kenya,0,0,0,0
1980,Nigeria,0,0,0,0
1980,Tunisia,0,0,0,0
1980,Cameroon,0,0,0,0
1980,East Germany,47,37,42,126
1980,Mongolia,0,2,2,4
1980,Taiwan,0,0,0,0
1980,Uganda,0,1,0,1
1980,Colombia,0,0,0,0
1980,Niger,0,0,0,0
1980,North Korea,0,3,2,5
1980,Bermuda,0,0,0,0
1980,Thailand,0,0,0,0
1980,Guyana,0,0,1,1
1980,Tanzania,0,2,0,2
1980,Zimbabwe,1,0,0,1
1980,Algeria,0,0,0,0
1980,China,0,0,0,0
1980,Dominican Republic,0,0,0,0
1980,Ivory Coast,0,0,0,0
1980,Syria,0,0,0,0
1980,Zambia,0,0,0,0
1980,Costa Rica,0,0,0,0
1980,Djibouti,0,0,0,0
1980,Indonesia,0,0,0,0
1980,Senegal,0,0,0,0
1980,Suriname,0,0,0,0
1980,Virgin Islands,0,0,0,0
1980,Croatia,0,0,0,0
1980,Israel,0,0,0,0
1980,Lithuania,0,0,0,0
1980,Malaysia,0,0,0,0
1980,Namibia,0,0,0,0
1980,Qatar,0,0,0,0
1980,Slovenia,0,0,0,0
1980,Armenia,0,0,0,0
1980,Azerbaijan,0,0,0,0
1980,Belarus,0,0,0,0
1980,Burundi,0,0,0,0
1980,Czech Republic,0,0,0,0
1980,Ecuador,0,0,0,0
1980,Georgia,0,0,0,0
1980,Hong Kong,0,0,0,0
1980,Kazakhstan,0,0,0,0
1980,Moldova,0,0,0,0
1980,Mozambique,0,0,0,0
1980,Serbia And Montenegro,0,0,0,0
1980,Slovakia,0,0,0,0
1980,Tonga,0,0,0,0
1980,Ukraine,0,0,0,0
1980,Uzbekistan,0,0,0,0
1980,Barbados,0,0,0,0
1980,Kuwait,0,0,0,0
1980,Kyrgyzstan,0,0,0,0
1980,North Macedonia,0,0,0,0
1980,Saudi Arabia,0,0,0,0
1980,Vietnam,0,0,0,0
1980,Eritrea,0,0,0,0
1980,Paraguay,0,0,0,0
1980,United Arab Emirates,0,0,0,0
1980,Afghanistan,0,0,0,0
1980,Mauritius,0,0,0,0
1980,Samoa,0,0,0,0
1980,Serbia,0,0,0,0
1980,Sudan,0,0,0,0
1980,Tajikistan,0,0,0,0
1980,Togo,0,0,0,0
1980,Bahrain,0,0,0,0
1980,Botswana,0,0,0,0
1980,Cyprus,0,0,0,0
1980,Gabon,0,0,0,0
1980,Grenada,0,0,0,0
1980,Guatemala,0,0,0,0
1980,Montenegro,0,0,0,0
1980,Fiji,0,0,0,0
1980,Independent Olympic Athletes,0,0,0,0
1980,Jordan,0,0,0,0
1980,Kosovo,0,0,0,0
1980,Burkina Faso,0,0,0,0
1980,North North Macedonia,0,0,0,0
1980,San Marino,0,0,0,0
1980,Turkmenistan,0,0,0,0
1980,Albania,0,0,0,0
1980,Cabo Verde,0,0,0,0
1980,Dominica,0,0,0,0
1980,Saint Lucia,0,0,0,0
1984,Australia,4,8,12,24
1984,Austria,1,1,1,3
1984,Denmark,0,3,3,6
1984,France,5,7,16,28
1984,Germany,0,0,0,0
1984,Greece,0,1,1,2
1984,Hungary,0,0,0,0
1984,Switzerland,0,4,4,8
1984,United Kingdom,5,11,21,37
1984,United States,83,61,30,174
1984,Belgium,1,1,2,4
1984,Canada,10,18,16,44
1984,Cuba,0,0,0,0
1984,India,0,0,0,0
1984,Italy,14,6,12,32
1984,Luxembourg,0,0,0,0
1984,Netherlands,5,2,6,13
1984,Norway,0,1,2,3
1984,Spain,1,2,2,5
1984,Sweden,2,11,6,19
1984,Finland,4,2,6,12
1984,South Africa,0,0,0,0
1984,Brazil,1,5,2,8
1984,Estonia,0,0,0,0
1984,Japan,10,8,14,32
1984,New Zealand,8,1,2,11
1984,Argentina,0,0,0,0
1984,Haiti,0,0,0,0
1984,Poland,0,0,0,0
1984,Portugal,1,0,2,3
1984,Romania,20,16,17,53
1984,Uruguay,0,0,0,0
1984,Chile,0,0,0,0
1984,Egypt,0,1,0,1
1984,Ireland,0,1,0,1
1984,Philippines,0,0,0,0
1984,Latvia,0,0,0,0
1984,Mexico,2,3,1,6
1984,Turkey,0,0,3,3
1984,Iran,0,0,0,0
1984,Jamaica,0,1,2,3
1984,Panama,0,0,0,0
1984,Peru,0,1,0,1
1984,Puerto Rico,0,1,1,2
1984,South Korea,6,6,7,19
1984,Sri Lanka,0,0,0,0
1984,Trinidad And Tobago,0,0,0,0
1984,Bulgaria,0,0,0,0
1984,Lebanon,0,0,0,0
1984,Venezuela,0,0,3,3
1984,Bahamas,0,0,0,0
1984,Iceland,0,0,1,1
1984,Pakistan,1,0,0,1
1984,United Team Of Germany,0,0,0,0
1984,Chinese Taipei,0,0,1,1
1984,Ethiopia,0,0,0,0
1984,Ghana,0,0,0,0
1984,Iraq,0,0,0,0
1984,Morocco,2,0,0,2
1984,Singapore,0,0,0,0
1984,Kenya,1,0,2,3
1984,Nigeria,0,1,1,2
1984,Tunisia,0,0,0,0
1984,Cameroon,0,0,1,1
1984,East Germany,0,0,0,0
1984,Mongolia,0,0,0,0
1984,Taiwan,0,0,0,0
1984,Uganda,0,0,0,0
1984,Colombia,0,1,0,1
1984,Niger,0,0,0,0
1984,North Korea,0,0,0,0
1984,Bermuda,0,0,0,0
1984,Thailand,0,1,0,1
1984,Guyana,0,0,0,0
1984,Tanzania,0,0,0,0
1984,Zimbabwe,0,0,0,0
1984,Algeria,0,0,2,2
1984,China,15,8,9,32
1984,Dominican Republic,0,0,1,1
1984,Ivory Coast,0,1,0,1
1984,Syria,0,1,0,1
1984,Zambia,0,0,1,1
1984,Costa Rica,0,0,0,0
1984,Djibouti,0,0,0,0
1984,Indonesia,0,0,0,0
1984,Senegal,0,0,0,0
1984,Suriname,0,0,0,0
1984,Virgin Islands,0,0,0,0
1984,Croatia,0,0,0,0
1984,Israel,0,0,0,0
1984,Lithuania,0,0,0,0
1984,Malaysia,0,0,0,0
1984,Namibia,0,0,0,0
1984,Qatar,0,0,0,0
1984,Slovenia,0,0,0,0
1984,Armenia,0,0,0,0
1984,Azerbaijan,0,0,0,0
1984,Belarus,0,0,0,0
1984,Burundi,0,0,0,0
1984,Czech Republic,0,0,0,0
1984,Ecuador,0,0,0,0
1984,Georgia,0,0,0,0
1984,Hong Kong,0,0,0,0
1984,Kazakhstan,0,0,0,0
1984,Moldova,0,0,0,0
1984,Mozambique,0,0,0,0
1984,Serbia And Montenegro,0,0,0,0
1984,Slovakia,0,0,0,0
1984,Tonga,0,0,0,0
1984,Ukraine,0,0,0,0
1984,Uzbekistan,0,0,0,0
1984,Barbados,0,0,0,0
1984,Kuwait,0,0,0,0
1984,Kyrgyzstan,0,0,0,0
1984,North Macedonia,0,0,0,0
1984,Saudi Arabia,0,0,0,0
1984,Vietnam,0,0,0,0
1984,Eritrea,0,0,0,0
1984,Paraguay,0,0,0,0
1984,United Arab Emirates,0,0,0,0
1984,Afghanistan,0,0,0,0
1984,Mauritius,0,0,0,0
1984,Samoa,0,0,0,0
1984,Serbia,0,0,0,0
1984,Sudan,0,0,0,0
1984,Tajikistan,0,0,0,0
1984,Togo,0,0,0,0
1984,Bahrain,0,0,0,0
1984,Botswana,0,0,0,0
1984,Cyprus,0,0,0,0
1984,Gabon,0,0,0,0
1984,Grenada,0,0,0,0
1984,Guatemala,0,0,0,0
1984,Montenegro,0,0,0,0
1984,Fiji,0,0,0,0
1984,Independent Olympic Athletes,0,0,0,0
1984,Jordan,0,0,0,0
1984,Kosovo,0,0,0,0
1984,Burkina Faso,0,0,0,0
1984,North North Macedonia,0,0,0,0
1984,San Marino,0,0,0,0
1984,Turkmenistan,0,0,0,0
1984,Albania,0,0,0,0
1984,Cabo Verde,0,0,0,0
1984,Dominica,0,0,0,0
1984,Saint Lucia,0,0,0,0
1988,Australia,3,6,5,14
1988,Austria,1,0,0,1
1988,Denmark,2,1,1,4
1988,France,6,4,6,16
1988,Germany,0,0,0,0
1988,Greece,0,0,1,1
1988,Hungary,11,6,6,23
1988,Switzerland,0,2,2,4
1988,United Kingdom,5,10,9,24
1988,United States,36,31,27,94
1988,Belgium,0,0,2,2
1988,Canada,3,2,5,10
1988,Cuba,0,0,0,0
1988,India,0,0,0,0
1988,Italy,6,4,4,14
1988,Luxembourg,0,0,0,0
1988,Netherlands,2,2,5,9
1988,Norway,2,3,0,5
1988,Spain,1,1,2,4
1988,Sweden,0,4,7,11
1988,Finland,1,1,2,4
1988,South Africa,0,0,0,0
1988,Brazil,1,2,3,6
1988,Estonia,0,0,0,0
1988,Japan,4,3,7,14
1988,New Zealand,3,2,8,13
1988,Argentina,0,1,1,2
1988,Haiti,0,0,0,0
1988,Poland,2,5,9,16
1988,Portugal,1,0,0,1
1988,Romania,7,11,6,24
1988,Uruguay,0,0,0,0
1988,Chile,0,1,0,1
1988,Egypt,0,0,0,0
1988,Ireland,0,0,0,0
1988,Philippines,0,0,1,1
1988,Latvia,0,0,0,0
1988,Mexico,0,0,2,2
1988,Turkey,1,1,0,2
1988,Iran,0,1,0,1
1988,Jamaica,0,2,0,2
1988,Panama,0,0,0,0
1988,Peru,0,1,0,1
1988,Puerto Rico,0,0,0,0
1988,South Korea,12,10,11,33
1988,Sri Lanka,0,0,0,0
1988,Trinidad And Tobago,0,0,0,0
1988,Bulgaria,10,12,13,35
1988,Lebanon,0,0,0,0
1988,Venezuela,0,0,0,0
1988,Bahamas,0,0,0,0
1988,Iceland,0,0,0,0
1988,Pakistan,0,0,1,1
1988,United Team Of Germany,0,0,0,0
1988,Chinese Taipei,0,0,0,0
1988,Ethiopia,0,0,0,0
1988,Ghana,0,0,0,0
1988,Iraq,0,0,0,0
1988,Morocco,1,0,2,3
1988,Singapore,0,0,0,0
1988,Kenya,5,2,2,9
1988,Nigeria,0,0,0,0
1988,Tunisia,0,0,0,0
1988,Cameroon,0,0,0,0
1988,East Germany,37,35,30,102
1988,Mongolia,0,0,1,1
1988,Taiwan,0,0,0,0
1988,Uganda,0,0,0,0
1988,Colombia,0,0,1,1
1988,Niger,0,0,0,0
1988,North Korea,0,0,0,0
1988,Bermuda,0,0,0,0
1988,Thailand,0,0,1,1
1988,Guyana,0,0,0,0
1988,Tanzania,0,0,0,0
1988,Zimbabwe,0,0,0,0
1988,Algeria,0,0,0,0
1988,China,5,11,12,28
1988,Dominican Republic,0,0,0,0
1988,Ivory Coast,0,0,0,0
1988,Syria,0,0,0,0
1988,Zambia,0,0,0,0
1988,Costa Rica,0,1,0,1
1988,Djibouti,0,0,1,1
1988,Indonesia,0,1,0,1
1988,Senegal,0,1,0,1
1988,Suriname,1,0,0,1
1988,Virgin Islands,0,1,0,1
1988,Croatia,0,0,0,0
1988,Israel,0,0,0,0
1988,Lithuania,0,0,0,0
1988,Malaysia,0,0,0,0
1988,Namibia,0,0,0,0
1988,Qatar,0,0,0,0
1988,Slovenia,0,0,0,0
1988,Armenia,0,0,0,0
1988,Azerbaijan,0,0,0,0
1988,Belarus,0,0,0,0
1988,Burundi,0,0,0,0
1988,Czech Republic,0,0,0,0
1988,Ecuador,0,0,0,0
1988,Georgia,0,0,0,0
1988,Hong Kong,0,0,0,0
1988,Kazakhstan,0,0,0,0
1988,Moldova,0,0,0,0
1988,Mozambique,0,0,0,0
1988,Serbia And Montenegro,0,0,0,0
1988,Slovakia,0,0,0,0
1988,Tonga,0,0,0,0
1988,Ukraine,0,0,0,0
1988,Uzbekistan,0,0,0,0
1988,Barbados,0,0,0,0
1988,Kuwait,0,0,0,0
1988,Kyrgyzstan,0,0,0,0
1988,North Macedonia,0,0,0,0
1988,Saudi Arabia,0,0,0,0
1988,Vietnam,0,0,0,0
1988,Eritrea,0,0,0,0
1988,Paraguay,0,0,0,0
1988,United Arab Emirates,0,0,0,0
1988,Afghanistan,0,0,0,0
1988,Mauritius,0,0,0,0
1988,Samoa,0,0,0,0
1988,Serbia,0,0,0,0
1988,Sudan,0,0,0,0
1988,Tajikistan,0,0,0,0
1988,Togo,0,0,0,0
1988,Bahrain,0,0,0,0
1988,Botswana,0,0,0,0
1988,Cyprus,0,0,0,0
1988,Gabon,0,0,0,0
1988,Grenada,0,0,0,0
1988,Guatemala,0,0,0,0
1988,Montenegro,0,0,0,0
1988,Fiji,0,0,0,0
1988,Independent Olympic Athletes,0,0,0,0
1988,Jordan,0,0,0,0
1988,Kosovo,0,0,0,0
1988,Burkina Faso,0,0,0,0
1988,North North Macedonia,0,0,0,0
1988,San Marino,0,0,0,0
1988,Turkmenistan,0,0,0,0
1988,Albania,0,0,0,0
1988,Cabo Verde,0,0,0,0
1988,Dominica,0,0,0,0
1988,Saint Lucia,0,0,0,0
1992,Australia,7,9,11,27
1992,Austria,0,2,0,2
1992,Denmark,1,1,4,6
1992,France,8,5,16,29
1992,Germany,33,21,28,82
1992,Greece,2,0,0,2
1992,Hungary,11,12,7,30
1992,Switzerland,1,0,0,1
1992,United Kingdom,5,3,12,20
1992,United States,37,34,37,108
1992,Belgium,0,1,2,3
1992,Canada,7,4,7,18
1992,Cuba,14,6,11,31
1992,India,0,0,0,0
1992,Italy,6,5,8,19
1992,Luxembourg,0,0,0,0
1992,Netherlands,2,6,7,15
1992,Norway,2,4,1,7
1992,Spain,13,7,2,22
1992,Sweden,1,7,4,12
1992,Finland,1,2,2,5
1992,South Africa,0,2,0,2
1992,Brazil,2,1,0,3
1992,Estonia,1,0,1,2
1992,Japan,3,8,11,22
1992,New Zealand,1,4,5,10
1992,Argentina,0,0,1,1
1992,Haiti,0,0,0,0
1992,Poland,3,6,10,19
1992,Portugal,0,0,0,0
1992,Romania,4,6,8,18
1992,Uruguay,0,0,0,0
1992,Chile,0,0,0,0
1992,Egypt,0,0,0,0
1992,Ireland,1,1,0,2
1992,Philippines,0,0,1,1
1992,Latvia,0,2,1,3
1992,Mexico,0,1,0,1
1992,Turkey,2,2,2,6
1992,Iran,0,1,2,3
1992,Jamaica,0,3,1,4
1992,Panama,0,0,0,0
1992,Peru,0,1,0,1
1992,Puerto Rico,0,0,1,1
1992,South Korea,12,5,12,29
1992,Sri Lanka,0,0,0,0
1992,Trinidad And Tobago,0,0,0,0
1992,Bulgaria,3,7,6,16
1992,Lebanon,0,0,0,0
1992,Venezuela,0,0,0,0
1992,Bahamas,0,0,1,1
1992,Iceland,0,0,0,0
1992,Pakistan,0,0,1,1
1992,United Team Of Germany,0,0,0,0
1992,Chinese Taipei,0,1,0,1
1992,Ethiopia,1,0,2,3
1992,Ghana,0,0,1,1
1992,Iraq,0,0,0,0
1992,Morocco,1,1,1,3
1992,Singapore,0,0,0,0
1992,Kenya,2,4,2,8
1992,Nigeria,0,3,1,4
1992,Tunisia,0,0,0,0
1992,Cameroon,0,0,0,0
1992,East Germany,0,0,0,0
1992,Mongolia,0,0,2,2
1992,Taiwan,0,0,0,0
1992,Uganda,0,0,0,0
1992,Colombia,0,0,1,1
1992,Niger,0,0,0,0
1992,North Korea,4,0,5,9
1992,Bermuda,0,0,0,0
1992,Thailand,0,0,1,1
1992,Guyana,0,0,0,0
1992,Tanzania,0,0,0,0
1992,Zimbabwe,0,0,0,0
1992,Algeria,1,0,1,2
1992,China,16,22,16,54
1992,Dominican Republic,0,0,0,0
1992,Ivory Coast,0,0,0,0
1992,Syria,0,0,0,0
1992,Zambia,0,0,0,0
1992,Costa Rica,0,0,0,0
1992,Djibouti,0,0,0,0
1992,Indonesia,2,2,1,5
1992,Senegal,0,0,0,0
1992,Suriname,0,0,1,1
1992,Virgin Islands,0,0,0,0
1992,Croatia,0,1,2,3
1992,Israel,0,1,1,2
1992,Lithuania,1,0,1,2
1992,Malaysia,0,0,1,1
1992,Namibia,0,2,0,2
1992,Qatar,0,0,1,1
1992,Slovenia,0,0,2,2
1992,Armenia,0,0,0,0
1992,Azerbaijan,0,0,0,0
1992,Belarus,0,0,0,0
1992,Burundi,0,0,0,0
1992,Czech Republic,0,0,0,0
1992,Ecuador,0,0,0,0
1992,Georgia,0,0,0,0
1992,Hong Kong,0,0,0,0
1992,Kazakhstan,0,0,0,0
1992,Moldova,0,0,0,0
1992,Mozambique,0,0,0,0
1992,Serbia And Montenegro,0,0,0,0
1992,Slovakia,0,0,0,0
1992,Tonga,0,0,0,0
1992,Ukraine,0,0,0,0
1992,Uzbekistan,0,0,0,0
1992,Barbados,0,0,0,0
1992,Kuwait,0,0,0,0
1992,Kyrgyzstan,0,0,0,0
1992,North Macedonia,0,0,0,0
1992,Saudi Arabia,0,0,0,0
1992,Vietnam,0,0,0,0
1992,Eritrea,0,0,0,0
1992,Paraguay,0,0,0,0
1992,United Arab Emirates,0,0,0,0
1992,Afghanistan,0,0,0,0
1992,Mauritius,0,0,0,0
1992,Samoa,0,0,0,0
1992,Serbia,0,0,0,0
1992,Sudan,0,0,0,0
1992,Tajikistan,0,0,0,0
1992,Togo,0,0,0,0
1992,Bahrain,0,0,0,0
1992,Botswana,0,0,0,0
1992,Cyprus,0,0,0,0
1992,Gabon,0,0,0,0
1992,Grenada,0,0,0,0
1992,Guatemala,0,0,0,0
1992,Montenegro,0,0,0,0
1992,Fiji,0,0,0,0
1992,Independent Olympic Athletes,0,0,0,0
1992,Jordan,0,0,0,0
1992,Kosovo,0,0,0,0
1992,Burkina Faso,0,0,0,0
1992,North North Macedonia,0,0,0,0
1992,San Marino,0,0,0,0
1992,Turkmenistan,0,0,0,0
1992,Albania,0,0,0,0
1992,Cabo Verde,0,0,0,0
1992,Dominica,0,0,0,0
1992,Saint Lucia,0,0,0,0
1996,Australia,9,9,23,41
1996,Austria,0,1,2,3
1996,Denmark,4,1,1,6
1996,France,15,7,15,37
1996,Germany,20,18,27,65
1996,Greece,4,4,0,8
1996,Hungary,7,4,10,21
1996,Switzerland,4,3,0,7
1996,United Kingdom,1,8,6,15
1996,United States,44,32,25,101
1996,Belgium,2,2,2,6
1996,Canada,3,11,8,22
1996,Cuba,9,8,8,25
1996,India,0,0,1,1
1996,Italy,13,10,12,35
1996,Luxembourg,0,0,0,0
1996,Netherlands,4,5,10,19
1996,Norway,2,2,3,7
1996,Spain,5,6,6,17
1996,Sweden,2,4,2,8
1996,Finland,1,2,1,4
1996,South Africa,3,1,1,5
1996,Brazil,3,3,9,15
1996,Estonia,0,0,0,0
1996,Japan,3,6,5,14
1996,New Zealand,3,2,1,6
1996,Argentina,0,2,1,3
1996,Haiti,0,0,0,0
1996,Poland,7,5,5,17
1996,Portugal,1,0,1,2
1996,Romania,4,7,9,20
1996,Uruguay,0,0,0,0
1996,Chile,0,0,0,0
1996,Egypt,0,0,0,0
1996,Ireland,3,0,1,4
1996,Philippines,0,1,0,1
1996,Latvia,0,1,0,1
1996,Mexico,0,0,1,1
1996,Turkey,4,1,1,6
1996,Iran,1,1,1,3
1996,Jamaica,1,3,2,6
1996,Panama,0,0,0,0
1996,Peru,0,0,0,0
1996,Puerto Rico,0,0,1,1
1996,South Korea,7,15,5,27
1996,Sri Lanka,0,0,0,0
1996,Trinidad And Tobago,0,0,2,2
1996,Bulgaria,3,7,5,15
1996,Lebanon,0,0,0,0
1996,Venezuela,0,0,0,0
1996,Bahamas,0,1,0,1
1996,Iceland,0,0,0,0
1996,Pakistan,0,0,0,0
1996,United Team Of Germany,0,0,0,0
1996,Chinese Taipei,0,1,0,1
1996,Ethiopia,2,0,1,3
1996,Ghana,0,0,0,0
1996,Iraq,0,0,0,0
1996,Morocco,0,0,2,2
1996,Singapore,0,0,0,0
1996,Kenya,1,4,3,8
1996,Nigeria,2,1,3,6
1996,Tunisia,0,0,1,1
1996,Cameroon,0,0,0,0
1996,East Germany,0,0,0,0
1996,Mongolia,0,0,1,1
1996,Taiwan,0,0,0,0
1996,Uganda,0,0,1,1
1996,Colombia,0,0,0,0
1996,Niger,0,0,0,0
1996,North Korea,2,1,2,5
1996,Bermuda,0,0,0,0
1996,Thailand,1,0,1,2
1996,Guyana,0,0,0,0
1996,Tanzania,0,0,0,0
1996,Zimbabwe,0,0,0,0
1996,Algeria,2,0,1,3
1996,China,16,22,12,50
1996,Dominican Republic,0,0,0,0
1996,Ivory Coast,0,0,0,0
1996,Syria,1,0,0,1
1996,Zambia,0,1,0,1
1996,Costa Rica,1,0,0,1
1996,Djibouti,0,0,0,0
1996,Indonesia,1,1,2,4
1996,Senegal,0,0,0,0
1996,Suriname,0,0,0,0
1996,Virgin Islands,0,0,0,0
1996,Croatia,1,1,0,2
1996,Israel,0,0,1,1
1996,Lithuania,0,0,1,1
1996,Malaysia,0,1,1,2
1996,Namibia,0,2,0,2
1996,Qatar,0,0,0,0
1996,Slovenia,0,2,0,2
1996,Armenia,1,1,0,2
1996,Azerbaijan,0,1,0,1
1996,Belarus,1,6,8,15
1996,Burundi,1,0,0,1
1996,Czech Republic,4,3,4,11
1996,Ecuador,1,0,0,1
1996,Georgia,0,0,2,2
1996,Hong Kong,1,0,0,1
1996,Kazakhstan,3,4,4,11
1996,Moldova,0,1,1,2
1996,Mozambique,0,0,1,1
1996,Serbia And Montenegro,1,1,2,4
1996,Slovakia,1,1,1,3
1996,Tonga,0,1,0,1
1996,Ukraine,9,2,12,23
1996,Uzbekistan,0,1,1,2
1996,Barbados,0,0,0,0
1996,Kuwait,0,0,0,0
1996,Kyrgyzstan,0,0,0,0
1996,North Macedonia,0,0,0,0
1996,Saudi Arabia,0,0,0,0
1996,Vietnam,0,0,0,0
1996,Eritrea,0,0,0,0
1996,Paraguay,0,0,0,0
1996,United Arab Emirates,0,0,0,0
1996,Afghanistan,0,0,0,0
1996,Mauritius,0,0,0,0
1996,Samoa,0,0,0,0
1996,Serbia,0,0,0,0
1996,Sudan,0,0,0,0
1996,Tajikistan,0,0,0,0
1996,Togo,0,0,0,0
1996,Bahrain,0,0,0,0
1996,Botswana,0,0,0,0
1996,Cyprus,0,0,0,0
1996,Gabon,0,0,0,0
1996,Grenada,0,0,0,0
1996,Guatemala,0,0,0,0
1996,Montenegro,0,0,0,0
1996,Fiji,0,0,0,0
1996,Independent Olympic Athletes,0,0,0,0
1996,Jordan,0,0,0,0
1996,Kosovo,0,0,0,0
1996,Burkina Faso,0,0,0,0
1996,North North Macedonia,0,0,0,0
1996,San Marino,0,0,0,0
1996,Turkmenistan,0,0,0,0
1996,Albania,0,0,0,0
1996,Cabo Verde,0,0,0,0
1996,Dominica,0,0,0,0
1996,Saint Lucia,0,0,0,0
2000,Australia,16,25,17,58
2000,Austria,2,1,0,3
2000,Denmark,2,3,1,6
2000,France,13,14,11,38
2000,Germany,13,17,26,56
2000,Greece,4,6,3,13
2000,Hungary,8,6,3,17
2000,Switzerland,1,6,2,9
2000,United Kingdom,11,10,7,28
2000,United States,37,24,32,93
2000,Belgium,0,2,3,5
2000,Canada,3,3,8,14
2000,Cuba,11,11,7,29
2000,India,0,0,1,1
2000,Italy,13,8,13,34
2000,Luxembourg,0,0,0,0
2000,Netherlands,12,9,4,25
2000,Norway,4,3,3,10
2000,Spain,3,3,5,11
2000,Sweden,4,5,3,12
2000,Finland,2,1,1,4
2000,South Africa,0,2,3,5
2000,Brazil,0,6,6,12
2000,Estonia,1,0,2,3
2000,Japan,5,8,5,18
2000,New Zealand,1,0,3,4
2000,Argentina,0,2,2,4
2000,Haiti,0,0,0,0
2000,Poland,6,5,3,14
2000,Portugal,0,0,2,2
2000,Romania,11,6,9,26
2000,Uruguay,0,1,0,1
2000,Chile,0,0,1,1
2000,Egypt,0,0,0,0
2000,Ireland,0,1,0,1
2000,Philippines,0,0,0,0
2000,Latvia,1,1,1,3
2000,Mexico,1,2,3,6
2000,Turkey,3,0,2,5
2000,Iran,3,0,1,4
2000,Jamaica,0,6,3,9
2000,Panama,0,0,0,0
2000,Peru,0,0,0,0
2000,Puerto Rico,0,0,0,0
2000,South Korea,8,10,10,28
2000,Sri Lanka,0,1,0,1
2000,Trinidad And Tobago,0,1,1,2
2000,Bulgaria,5,6,2,13
2000,Lebanon,0,0,0,0
2000,Venezuela,0,0,0,0
2000,Bahamas,2,0,1,3
2000,Iceland,0,0,1,1
2000,Pakistan,0,0,0,0
2000,United Team Of Germany,0,0,0,0
2000,Chinese Taipei,0,1,4,5
2000,Ethiopia,4,1,3,8
2000,Ghana,0,0,0,0
2000,Iraq,0,0,0,0
2000,Morocco,0,1,4,5
2000,Singapore,0,0,0,0
2000,Kenya,2,3,2,7
2000,Nigeria,1,2,0,3
2000,Tunisia,0,0,0,0
2000,Cameroon,1,0,0,1
2000,East Germany,0,0,0,0
2000,Mongolia,0,0,0,0
2000,Taiwan,0,0,0,0
2000,Uganda,0,0,0,0
2000,Colombia,1,0,0,1
2000,Niger,0,0,0,0
2000,North Korea,0,1,3,4
2000,Bermuda,0,0,0,0
2000,Thailand,1,0,2,3
2000,Guyana,0,0,0,0
2000,Tanzania,0,0,0,0
2000,Zimbabwe,0,0,0,0
2000,Algeria,1,1,3,5
2000,China,28,16,14,58
2000,Dominican Republic,0,0,0,0
2000,Ivory Coast,0,0,0,0
2000,Syria,0,0,0,0
2000,Zambia,0,0,0,0
2000,Costa Rica,0,0,2,2
2000,Djibouti,0,0,0,0
2000,Indonesia,1,3,2,6
2000,Senegal,0,0,0,0
2000,Suriname,0,0,0,0
2000,Virgin Islands,0,0,0,0
2000,Croatia,1,0,1,2
2000,Israel,0,0,1,1
2000,Lithuania,2,0,3,5
2000,Malaysia,0,0,0,0
2000,Namibia,0,0,0,0
2000,Qatar,0,0,1,1
2000,Slovenia,2,0,0,2
2000,Armenia,0,0,1,1
2000,Azerbaijan,2,0,1,3
2000,Belarus,3,3,11,17
2000,Burundi,0,0,0,0
2000,Czech Republic,2,3,3,8
2000,Ecuador,0,0,0,0
2000,Georgia,0,0,6,6
2000,Hong Kong,0,0,0,0
2000,Kazakhstan,3,4,0,7
2000,Moldova,0,1,1,2
2000,Mozambique,1,0,0,1
2000,Serbia And Montenegro,1,1,1,3
2000,Slovakia,1,3,1,5
2000,Tonga,0,0,0,0
2000,Ukraine,3,10,10,23
2000,Uzbekistan,1,1,2,4
2000,Barbados,0,0,1,1
2000,Kuwait,0,0,1,1
2000,Kyrgyzstan,0,0,1,1
2000,North Macedonia,0,0,1,1
2000,Saudi Arabia,0,1,1,2
2000,Vietnam,0,1,0,1
2000,Eritrea,0,0,0,0
2000,Paraguay,0,0,0,0
2000,United Arab Emirates,0,0,0,0
2000,Afghanistan,0,0,0,0
2000,Mauritius,0,0,0,0
2000,Samoa,0,0,0,0
2000,Serbia,0,0,0,0
2000,Sudan,0,0,0,0
2000,Tajikistan,0,0,0,0
2000,Togo,0,0,0,0
2000,Bahrain,0,0,0,0
2000,Botswana,0,0,0,0
2000,Cyprus,0,0,0,0
2000,Gabon,0,0,0,0
2000,Grenada,0,0,0,0
2000,Guatemala,0,0,0,0
2000,Montenegro,0,0,0,0
2000,Fiji,0,0,0,0
2000,Independent Olympic Athletes,0,0,0,0
2000,Jordan,0,0,0,0
2000,Kosovo,0,0,0,0
2000,Burkina Faso,0,0,0,0
2000,North North Macedonia,0,0,0,0
2000,San Marino,0,0,0,0
2000,Turkmenistan,0,0,0,0
2000,Albania,0,0,0,0
2000,Cabo Verde,0,0,0,0
2000,Dominica,0,0,0,0
2000,Saint Lucia,0,0,0,0
2004,Australia,17,16,17,50
2004,Austria,2,4,1,7
2004,Denmark,2,1,5,8
2004,France,11,9,13,33
2004,Germany,13,16,20,49
2004,Greece,6,6,4,16
2004,Hungary,8,6,3,17
2004,Switzerland,1,1,3,5
2004,United Kingdom,9,9,12,30
2004,United States,36,39,26,101
2004,Belgium,1,0,2,3
2004,Canada,3,6,3,12
2004,Cuba,9,7,11,27
2004,India,0,1,0,1
2004,Italy,10,11,11,32
2004,Luxembourg,0,0,0,0
2004,Netherlands,4,9,9,22
2004,Norway,5,0,1,6
2004,Spain,3,11,6,20
2004,Sweden,4,2,1,7
2004,Finland,0,2,0,2
2004,South Africa,1,3,2,6
2004,Brazil,5,2,3,10
2004,Estonia,0,1,2,3
2004,Japan,16,9,12,37
2004,New Zealand,3,2,0,5
2004,Argentina,2,0,4,6
2004,Haiti,0,0,0,0
2004,Poland,3,2,5,10
2004,Portugal,0,2,1,3
2004,Romania,8,5,6,19
2004,Uruguay,0,0,0,0
2004,Chile,2,0,1,3
2004,Egypt,1,1,3,5
2004,Ireland,0,0,0,0
2004,Philippines,0,0,0,0
2004,Latvia,0,4,0,4
2004,Mexico,0,3,1,4
2004,Turkey,3,3,4,10
2004,Iran,2,2,2,6
2004,Jamaica,2,1,2,5
2004,Panama,0,0,0,0
2004,Peru,0,0,0,0
2004,Puerto Rico,0,0,0,0
2004,South Korea,9,12,9,30
2004,Sri Lanka,0,0,0,0
2004,Trinidad And Tobago,0,0,1,1
2004,Bulgaria,2,1,9,12
2004,Lebanon,0,0,0,0
2004,Venezuela,0,0,2,2
2004,Bahamas,1,0,1,2
2004,Iceland,0,0,0,0
2004,Pakistan,0,0,0,0
2004,United Team Of Germany,0,0,0,0
2004,Chinese Taipei,2,2,1,5
2004,Ethiopia,2,3,2,7
2004,Ghana,0,0,0,0
2004,Iraq,0,0,0,0
2004,Morocco,2,1,0,3
2004,Singapore,0,0,0,0
2004,Kenya,1,4,2,7
2004,Nigeria,0,0,2,2
2004,Tunisia,0,0,0,0
2004,Cameroon,1,0,0,1
2004,East Germany,0,0,0,0
2004,Mongolia,0,0,1,1
2004,Taiwan,0,0,0,0
2004,Uganda,0,0,0,0
2004,Colombia,0,0,2,2
2004,Niger,0,0,0,0
2004,North Korea,0,4,1,5
2004,Bermuda,0,0,0,0
2004,Thailand,3,1,4,8
2004,Guyana,0,0,0,0
2004,Tanzania,0,0,0,0
2004,Zimbabwe,1,1,1,3
2004,Algeria,0,0,0,0
2004,China,32,17,14,63
2004,Dominican Republic,1,0,0,1
2004,Ivory Coast,0,0,0,0
2004,Syria,0,0,1,1
2004,Zambia,0,0,0,0
2004,Costa Rica,0,0,0,0
2004,Djibouti,0,0,0,0
2004,Indonesia,1,1,2,4
2004,Senegal,0,0,0,0
2004,Suriname,0,0,0,0
2004,Virgin Islands,0,0,0,0
2004,Croatia,1,2,2,5
2004,Israel,1,0,1,2
2004,Lithuania,1,2,0,3
2004,Malaysia,0,0,0,0
2004,Namibia,0,0,0,0
2004,Qatar,0,0,0,0
2004,Slovenia,0,1,3,4
2004,Armenia,0,0,0,0
2004,Azerbaijan,1,0,4,5
2004,Belarus,2,5,6,13
2004,Burundi,0,0,0,0
2004,Czech Republic,1,3,5,9
2004,Ecuador,0,0,0,0
2004,Georgia,2,2,0,4
2004,Hong Kong,0,1,0,1
2004,Kazakhstan,1,4,3,8
2004,Moldova,0,0,0,0
2004,Mozambique,0,0,0,0
2004,Serbia And Montenegro,0,2,0,2
2004,Slovakia,2,2,2,6
2004,Tonga,0,0,0,0
2004,Ukraine,8,5,9,22
2004,Uzbekistan,2,1,2,5
2004,Barbados,0,0,0,0
2004,Kuwait,0,0,0,0
2004,Kyrgyzstan,0,0,0,0
2004,North Macedonia,0,0,0,0
2004,Saudi Arabia,0,0,0,0
2004,Vietnam,0,0,0,0
2004,Eritrea,0,0,1,1
2004,Paraguay,0,1,0,1
2004,United Arab Emirates,1,0,0,1
2004,Afghanistan,0,0,0,0
2004,Mauritius,0,0,0,0
2004,Samoa,0,0,0,0
2004,Serbia,0,0,0,0
2004,Sudan,0,0,0,0
2004,Tajikistan,0,0,0,0
2004,Togo,0,0,0,0
2004,Bahrain,0,0,0,0
2004,Botswana,0,0,0,0
2004,Cyprus,0,0,0,0
2004,Gabon,0,0,0,0
2004,Grenada,0,0,0,0
2004,Guatemala,0,0,0,0
2004,Montenegro,0,0,0,0
2004,Fiji,0,0,0,0
2004,Independent Olympic Athletes,0,0,0,0
2004,Jordan,0,0,0,0
2004,Kosovo,0,0,0,0
2004,Burkina Faso,0,0,0,0
2004,North North Macedonia,0,0,0,0
2004,San Marino,0,0,0,0
2004,Turkmenistan,0,0,0,0
2004,Albania,0,0,0,0
2004,Cabo Verde,0,0,0,0
2004,Dominica,0,0,0,0
2004,Saint Lucia,0,0,0,0
2008,Australia,14,15,17,46
2008,Austria,0,1,2,3
2008,Denmark,2,2,3,7
2008,France,7,16,20,43
2008,Germany,16,11,14,41
2008,Greece,0,2,1,3
2008,Hungary,3,5,2,10
2008,Switzerland,2,1,4,7
2008,United Kingdom,19,13,19,51
2008,United States,36,39,37,112
2008,Belgium,2,0,0,2
2008,Canada,3,9,8,20
2008,Cuba,3,10,17,30
2008,India,1,0,2,3
2008,Italy,8,9,10,27
2008,Luxembourg,0,0,0,0
2008,Netherlands,7,5,4,16
2008,Norway,3,5,1,9
2008,Spain,5,11,3,19
2008,Sweden,0,4,1,5
2008,Finland,1,1,2,4
2008,South Africa,0,1,0,1
2008,Brazil,3,4,10,17
2008,Estonia,1,1,0,2
2008,Japan,9,8,8,25
2008,New Zealand,3,2,4,9
2008,Argentina,2,0,4,6
2008,Haiti,0,0,0,0
2008,Poland,4,5,2,11
2008,Portugal,1,1,0,2
2008,Romania,4,1,4,9
2008,Uruguay,0,0,0,0
2008,Chile,0,1,0,1
2008,Egypt,0,0,2,2
2008,Ireland,0,1,2,3
2008,Philippines,0,0,0,0
2008,Latvia,1,1,1,3
2008,Mexico,2,0,2,4
2008,Turkey,1,1,3,5
2008,Iran,1,0,1,2
2008,Jamaica,5,4,2,11
2008,Panama,1,0,0,1
2008,Peru,0,0,0,0
2008,Puerto Rico,0,0,0,0
2008,South Korea,13,11,8,32
2008,Sri Lanka,0,0,0,0
2008,Trinidad And Tobago,1,1,0,2
2008,Bulgaria,1,1,3,5
2008,Lebanon,0,0,0,0
2008,Venezuela,0,0,1,1
2008,Bahamas,0,1,1,2
2008,Iceland,0,1,0,1
2008,Pakistan,0,0,0,0
2008,United Team Of Germany,0,0,0,0
2008,Chinese Taipei,1,1,2,4
2008,Ethiopia,4,2,1,7
2008,Ghana,0,0,0,0
2008,Iraq,0,0,0,0
2008,Morocco,0,1,1,2
2008,Singapore,0,1,0,1
2008,Kenya,6,4,6,16
2008,Nigeria,0,3,2,5
2008,Tunisia,1,0,0,1
2008,Cameroon,1,0,0,1
2008,East Germany,0,0,0,0
2008,Mongolia,2,2,0,4
2008,Taiwan,0,0,0,0
2008,Uganda,0,0,0,0
2008,Colombia,0,2,1,3
2008,Niger,0,0,0,0
2008,North Korea,2,2,2,6
2008,Bermuda,0,0,0,0
2008,Thailand,2,2,2,6
2008,Guyana,0,0,0,0
2008,Tanzania,0,0,0,0
2008,Zimbabwe,1,3,0,4
2008,Algeria,0,1,1,2
2008,China,48,22,30,100
2008,Dominican Republic,1,1,0,2
2008,Ivory Coast,0,0,0,0
2008,Syria,0,0,0,0
2008,Zambia,0,0,0,0
2008,Costa Rica,0,0,0,0
2008,Djibouti,0,0,0,0
2008,Indonesia,1,1,4,6
2008,Senegal,0,0,0,0
2008,Suriname,0,0,0,0
2008,Virgin Islands,0,0,0,0
2008,Croatia,0,2,3,5
2008,Israel,0,0,1,1
2008,Lithuania,0,3,2,5
2008,Malaysia,0,1,0,1
2008,Namibia,0,0,0,0
2008,Qatar,0,0,0,0
2008,Slovenia,1,2,2,5
2008,Armenia,0,1,4,5
2008,Azerbaijan,1,1,4,6
2008,Belarus,3,4,7,14
2008,Burundi,0,0,0,0
2008,Czech Republic,3,3,1,7
2008,Ecuador,0,1,0,1
2008,Georgia,3,2,2,7
2008,Hong Kong,0,0,0,0
2008,Kazakhstan,2,3,4,9
2008,Moldova,0,0,1,1
2008,Mozambique,0,0,0,0
2008,Serbia And Montenegro,0,0,0,0
2008,Slovakia,3,3,0,6
2008,Tonga,0,0,0,0
2008,Ukraine,7,4,11,22
2008,Uzbekistan,0,1,3,4
2008,Barbados,0,0,0,0
2008,Kuwait,0,0,0,0
2008,Kyrgyzstan,0,1,2,3
2008,North Macedonia,0,0,0,0
2008,Saudi Arabia,0,0,0,0
2008,Vietnam,0,1,0,1
2008,Eritrea,0,0,0,0
2008,Paraguay,0,0,0,0
2008,United Arab Emirates,0,0,0,0
2008,Afghanistan,0,0,1,1
2008,Mauritius,0,0,1,1
2008,Samoa,0,1,0,1
2008,Serbia,0,1,2,3
2008,Sudan,0,1,0,1
2008,Tajikistan,0,1,1,2
2008,Togo,0,0,1,1
2008,Bahrain,0,0,0,0
2008,Botswana,0,0,0,0
2008,Cyprus,0,0,0,0
2008,Gabon,0,0,0,0
2008,Grenada,0,0,0,0
2008,Guatemala,0,0,0,0
2008,Montenegro,0,0,0,0
2008,Fiji,0,0,0,0
2008,Independent Olympic Athletes,0,0,0,0
2008,Jordan,0,0,0,0
2008,Kosovo,0,0,0,0
2008,Burkina Faso,0,0,0,0
2008,North North Macedonia,0,0,0,0
2008,San Marino,0,0,0,0
2008,Turkmenistan,0,0,0,0
2008,Albania,0,0,0,0
2008,Cabo Verde,0,0,0,0
2008,Dominica,0,0,0,0
2008,Saint Lucia,0,0,0,0
2012,Australia,8,15,12,35
2012,Austria,0,0,0,0
2012,Denmark,2,4,3,9
2012,France,11,11,13,35
2012,Germany,11,20,13,44
2012,Greece,0,0,2,2
2012,Hungary,8,4,6,18
2012,Switzerland,2,2,0,4
2012,United Kingdom,29,18,18,65
2012,United States,48,26,30,104
2012,Belgium,0,1,2,3
2012,Canada,2,6,10,18
2012,Cuba,5,3,7,15
2012,India,0,2,4,6
2012,Italy,8,9,11,28
2012,Luxembourg,0,0,0,0
2012,Netherlands,6,6,8,20
2012,Norway,2,1,1,4
2012,Spain,4,10,6,20
2012,Sweden,1,4,3,8
2012,Finland,0,2,1,3
2012,South Africa,4,1,1,6
2012,Brazil,3,5,9,17
2012,Estonia,0,1,1,2
2012,Japan,7,14,17,38
2012,New Zealand,6,2,5,13
2012,Argentina,1,1,2,4
2012,Haiti,0,0,0,0
2012,Poland,3,2,6,11
2012,Portugal,0,1,0,1
2012,Romania,2,4,1,7
2012,Uruguay,0,0,0,0
2012,Chile,0,0,0,0
2012,Egypt,0,3,1,4
2012,Ireland,1,1,4,6
2012,Philippines,0,0,0,0
2012,Latvia,1,0,1,2
2012,Mexico,1,3,4,8
2012,Turkey,1,1,1,3
2012,Iran,7,5,1,13
2012,Jamaica,4,5,4,13
2012,Panama,0,0,0,0
2012,Peru,0,0,0,0
2012,Puerto Rico,0,1,1,2
2012,South Korea,13,9,9,31
2012,Sri Lanka,0,0,0,0
2012,Trinidad And Tobago,1,1,2,4
2012,Bulgaria,0,2,1,3
2012,Lebanon,0,0,0,0
2012,Venezuela,1,0,0,1
2012,Bahamas,1,0,0,1
2012,Iceland,0,0,0,0
2012,Pakistan,0,0,0,0
2012,United Team Of Germany,0,0,0,0
2012,Chinese Taipei,1,0,1,2
2012,Ethiopia,3,2,3,8
2012,Ghana,0,0,0,0
2012,Iraq,0,0,0,0
2012,Morocco,0,0,1,1
2012,Singapore,0,0,2,2
2012,Kenya,2,4,7,13
2012,Nigeria,0,0,0,0
2012,Tunisia,2,0,1,3
2012,Cameroon,0,0,1,1
2012,East Germany,0,0,0,0
2012,Mongolia,0,2,3,5
2012,Taiwan,0,0,0,0
2012,Uganda,1,0,0,1
2012,Colombia,1,3,5,9
2012,Niger,0,0,0,0
2012,North Korea,4,0,2,6
2012,Bermuda,0,0,0,0
2012,Thailand,0,2,2,4
2012,Guyana,0,0,0,0
2012,Tanzania,0,0,0,0
2012,Zimbabwe,0,0,0,0
2012,Algeria,1,0,0,1
2012,China,39,31,22,92
2012,Dominican Republic,1,1,0,2
2012,Ivory Coast,0,0,0,0
2012,Syria,0,0,0,0
2012,Zambia,0,0,0,0
2012,Costa Rica,0,0,0,0
2012,Djibouti,0,0,0,0
2012,Indonesia,0,2,1,3
2012,Senegal,0,0,0,0
2012,Suriname,0,0,0,0
2012,Virgin Islands,0,0,0,0
2012,Croatia,3,1,2,6
2012,Israel,0,0,0,0
2012,Lithuania,2,0,3,5
2012,Malaysia,0,1,1,2
2012,Namibia,0,0,0,0
2012,Qatar,0,1,1,2
2012,Slovenia,1,1,2,4
2012,Armenia,0,1,1,2
2012,Azerbaijan,2,2,5,9
2012,Belarus,2,5,3,10
2012,Burundi,0,0,0,0
2012,Czech Republic,4,4,3,11
2012,Ecuador,0,0,0,0
2012,Georgia,1,2,3,6
2012,Hong Kong,0,0,1,1
2012,Kazakhstan,3,2,6,11
2012,Moldova,0,0,0,0
2012,Mozambique,0,0,0,0
2012,Serbia And Montenegro,0,0,0,0
2012,Slovakia,0,1,3,4
2012,Tonga,0,0,0,0
2012,Ukraine,5,4,10,19
2012,Uzbekistan,0,0,3,3
2012,Barbados,0,0,0,0
2012,Kuwait,0,0,1,1
2012,Kyrgyzstan,0,0,0,0
2012,North Macedonia,0,0,0,0
2012,Saudi Arabia,0,0,1,1
2012,Vietnam,0,0,1,1
2012,Eritrea,0,0,0,0
2012,Paraguay,0,0,0,0
2012,United Arab Emirates,0,0,0,0
2012,Afghanistan,0,0,1,1
2012,Mauritius,0,0,0,0
2012,Samoa,0,0,0,0
2012,Serbia,1,1,2,4
2012,Sudan,0,0,0,0
2012,Tajikistan,0,0,1,1
2012,Togo,0,0,0,0
2012,Bahrain,1,0,0,1
2012,Botswana,0,1,0,1
2012,Cyprus,0,1,0,1
2012,Gabon,0,1,0,1
2012,Grenada,1,0,0,1
2012,Guatemala,0,1,0,1
2012,Montenegro,0,1,0,1
2012,Fiji,0,0,0,0
2012,Independent Olympic Athletes,0,0,0,0
2012,Jordan,0,0,0,0
2012,Kosovo,0,0,0,0
2012,Burkina Faso,0,0,0,0
2012,North North Macedonia,0,0,0,0
2012,San Marino,0,0,0,0
2012,Turkmenistan,0,0,0,0
2012,Albania,0,0,0,0
2012,Cabo Verde,0,0,0,0
2012,Dominica,0,0,0,0
2012,Saint Lucia,0,0,0,0
2016,Australia,8,11,10,29
2016,Austria,0,0,1,1
2016,Denmark,2,6,7,15
2016,France,10,18,14,42
2016,Germany,17,10,15,42
2016,Greece,3,1,2,6
2016,Hungary,8,3,4,15
2016,Switzerland,3,2,2,7
2016,United Kingdom,27,23,17,67
2016,United States,46,37,38,121
2016,Belgium,2,2,2,6
2016,Canada,4,3,15,22
2016,Cuba,5,2,4,11
2016,India,0,1,1,2
2016,Italy,8,12,8,28
2016,Luxembourg,0,0,0,0
2016,Netherlands,8,7,4,19
2016,Norway,0,0,4,4
2016,Spain,7,4,6,17
2016,Sweden,2,6,3,11
2016,Finland,0,0,1,1
2016,South Africa,2,6,2,10
2016,Brazil,7,6,6,19
2016,Estonia,0,0,1,1
2016,Japan,12,8,21,41
2016,New Zealand,4,9,5,18
2016,Argentina,3,1,0,4
2016,Haiti,0,0,0,0
2016,Poland,2,3,6,11
2016,Portugal,0,0,1,1
2016,Romania,1,1,2,4
2016,Uruguay,0,0,0,0
2016,Chile,0,0,0,0
2016,Egypt,0,0,3,3
2016,Ireland,0,2,0,2
2016,Philippines,0,1,0,1
2016,Latvia,0,0,0,0
2016,Mexico,0,3,2,5
2016,Turkey,1,3,4,8
2016,Iran,3,1,4,8
2016,Jamaica,6,3,2,11
2016,Panama,0,0,0,0
2016,Peru,0,0,0,0
2016,Puerto Rico,1,0,0,1
2016,South Korea,9,3,9,21
2016,Sri Lanka,0,0,0,0
2016,Trinidad And Tobago,0,0,1,1
2016,Bulgaria,0,1,2,3
2016,Lebanon,0,0,0,0
2016,Venezuela,0,2,1,3
2016,Bahamas,1,0,1,2
2016,Iceland,0,0,0,0
2016,Pakistan,0,0,0,0
2016,United Team Of Germany,0,0,0,0
2016,Chinese Taipei,1,0,2,3
2016,Ethiopia,1,2,5,8
2016,Ghana,0,0,0,0
2016,Iraq,0,0,0,0
2016,Morocco,0,0,1,1
2016,Singapore,1,0,0,1
2016,Kenya,6,6,1,13
2016,Nigeria,0,0,1,1
2016,Tunisia,0,0,3,3
2016,Cameroon,0,0,0,0
2016,East Germany,0,0,0,0
2016,Mongolia,0,1,1,2
2016,Taiwan,0,0,0,0
2016,Uganda,0,0,0,0
2016,Colombia,3,2,3,8
2016,Niger,0,1,0,1
2016,North Korea,2,3,2,7
2016,Bermuda,0,0,0,0
2016,Thailand,2,2,2,6
2016,Guyana,0,0,0,0
2016,Tanzania,0,0,0,0
2016,Zimbabwe,0,0,0,0
2016,Algeria,0,2,0,2
2016,China,26,18,26,70
2016,Dominican Republic,0,0,1,1
2016,Ivory Coast,1,0,1,2
2016,Syria,0,0,0,0
2016,Zambia,0,0,0,0
2016,Costa Rica,0,0,0,0
2016,Djibouti,0,0,0,0
2016,Indonesia,1,2,0,3
2016,Senegal,0,0,0,0
2016,Suriname,0,0,0,0
2016,Virgin Islands,0,0,0,0
2016,Croatia,5,3,2,10
2016,Israel,0,0,2,2
2016,Lithuania,0,1,3,4
2016,Malaysia,0,4,1,5
2016,Namibia,0,0,0,0
2016,Qatar,0,1,0,1
2016,Slovenia,1,2,1,4
2016,Armenia,1,3,0,4
2016,Azerbaijan,1,7,10,18
2016,Belarus,1,4,4,9
2016,Burundi,0,1,0,1
2016,Czech Republic,1,2,7,10
2016,Ecuador,0,0,0,0
2016,Georgia,2,1,4,7
2016,Hong Kong,0,0,0,0
2016,Kazakhstan,2,5,10,17
2016,Moldova,0,0,0,0
2016,Mozambique,0,0,0,0
2016,Serbia And Montenegro,0,0,0,0
2016,Slovakia,2,2,0,4
2016,Tonga,0,0,0,0
2016,Ukraine,2,5,4,11
2016,Uzbekistan,4,2,7,13
2016,Barbados,0,0,0,0
2016,Kuwait,0,0,0,0
2016,Kyrgyzstan,0,0,0,0
2016,North Macedonia,0,0,0,0
2016,Saudi Arabia,0,0,0,0
2016,Vietnam,1,1,0,2
2016,Eritrea,0,0,0,0
2016,Paraguay,0,0,0,0
2016,United Arab Emirates,0,0,1,1
2016,Afghanistan,0,0,0,0
2016,Mauritius,0,0,0,0
2016,Samoa,0,0,0,0
2016,Serbia,2,4,2,8
2016,Sudan,0,0,0,0
2016,Tajikistan,1,0,0,1
2016,Togo,0,0,0,0
2016,Bahrain,1,1,0,2
2016,Botswana,0,0,0,0
2016,Cyprus,0,0,0,0
2016,Gabon,0,0,0,0
2016,Grenada,0,1,0,1
2016,Guatemala,0,0,0,0
2016,Montenegro,0,0,0,0
2016,Fiji,1,0,0,1
2016,Independent Olympic Athletes,1,0,1,2
2016,Jordan,1,0,0,1
2016,Kosovo,1,0,0,1
2016,Burkina Faso,0,0,0,0
2016,North North Macedonia,0,0,0,0
2016,San Marino,0,0,0,0
2016,Turkmenistan,0,0,0,0
2016,Albania,0,0,0,0
2016,Cabo Verde,0,0,0,0
2016,Dominica,0,0,0,0
2016,Saint Lucia,0,0,0,0
2020,Australia,17,7,22,46
2020,Austria,1,1,5,7
2020,Denmark,3,4,4,11
2020,France,10,12,11,33
2020,Germany,10,11,16,37
2020,Greece,2,1,1,4
2020,Hungary,6,7,7,20
2020,Switzerland,3,4,6,13
2020,United Kingdom,22,20,22,64
2020,United States,39,41,33,113
2020,Belgium,3,1,3,7
2020,Canada,7,7,10,24
2020,Cuba,7,3,5,15
2020,India,1,2,4,7
2020,Italy,10,10,20,40
2020,Luxembourg,0,0,0,0
2020,Netherlands,10,12,14,36
2020,Norway,4,2,2,8
2020,Spain,3,8,6,17
2020,Sweden,3,6,0,9
2020,Finland,0,0,2,2
2020,South Africa,1,2,0,3
2020,Brazil,7,6,8,21
2020,Estonia,1,0,1,2
2020,Japan,27,14,17,58
2020,New Zealand,7,6,7,20
2020,Argentina,0,1,2,3
2020,Haiti,0,0,0,0
2020,Poland,4,5,5,14
2020,Portugal,1,1,2,4
2020,Romania,1,3,0,4
2020,Uruguay,0,0,0,0
2020,Chile,0,0,0,0
2020,Egypt,1,1,4,6
2020,Ireland,2,0,2,4
2020,Philippines,1,2,1,4
2020,Latvia,1,0,1,2
2020,Mexico,0,0,4,4
2020,Turkey,2,2,9,13
2020,Iran,3,2,2,7
2020,Jamaica,4,1,4,9
2020,Panama,0,0,0,0
2020,Peru,0,0,0,0
2020,Puerto Rico,1,0,0,1
2020,South Korea,6,4,10,20
2020,Sri Lanka,0,0,0,0
2020,Trinidad And Tobago,0,0,0,0
2020,Bulgaria,3,1,2,6
2020,Lebanon,0,0,0,0
2020,Venezuela,1,3,0,4
2020,Bahamas,2,0,0,2
2020,Iceland,0,0,0,0
2020,Pakistan,0,0,0,0
2020,United Team Of Germany,0,0,0,0
2020,Chinese Taipei,2,4,6,12
2020,Ethiopia,1,1,2,4
2020,Ghana,0,0,1,1
2020,Iraq,0,0,0,0
2020,Morocco,1,0,0,1
2020,Singapore,0,0,0,0
2020,Kenya,4,4,2,10
2020,Nigeria,0,1,1,2
2020,Tunisia,1,1,0,2
2020,Cameroon,0,0,0,0
2020,East Germany,0,0,0,0
2020,Mongolia,0,1,3,4
2020,Taiwan,0,0,0,0
2020,Uganda,2,1,1,4
2020,Colombia,0,4,1,5
2020,Niger,0,0,0,0
2020,North Korea,0,0,0,0
2020,Bermuda,1,0,0,1
2020,Thailand,1,0,1,2
2020,Guyana,0,0,0,0
2020,Tanzania,0,0,0,0
2020,Zimbabwe,0,0,0,0
2020,Algeria,0,0,0,0
2020,China,38,32,19,89
2020,Dominican Republic,0,3,2,5
2020,Ivory Coast,0,0,1,1
2020,Syria,0,0,1,1
2020,Zambia,0,0,0,0
2020,Costa Rica,0,0,0,0
2020,Djibouti,0,0,0,0
2020,Indonesia,1,1,3,5
2020,Senegal,0,0,0,0
2020,Suriname,0,0,0,0
2020,Virgin Islands,0,0,0,0
2020,Croatia,3,3,2,8
2020,Israel,2,0,2,4
2020,Lithuania,0,1,0,1
2020,Malaysia,0,1,1,2
2020,Namibia,0,1,0,1
2020,Qatar,2,0,1,3
2020,Slovenia,3,1,1,5
2020,Armenia,0,2,2,4
2020,Azerbaijan,0,3,4,7
2020,Belarus,1,3,3,7
2020,Burundi,0,0,0,0
2020,Czech Republic,4,4,3,11
2020,Ecuador,2,1,0,3
2020,Georgia,2,5,1,8
2020,Hong Kong,1,2,3,6
2020,Kazakhstan,0,0,8,8
2020,Moldova,0,0,1,1
2020,Mozambique,0,0,0,0
2020,Serbia And Montenegro,0,0,0,0
2020,Slovakia,1,2,1,4
2020,Tonga,0,0,0,0
2020,Ukraine,1,6,12,19
2020,Uzbekistan,3,0,2,5
2020,Barbados,0,0,0,0
2020,Kuwait,0,0,1,1
2020,Kyrgyzstan,0,2,1,3
2020,North Macedonia,0,0,0,0
2020,Saudi Arabia,0,1,0,1
2020,Vietnam,0,0,0,0
2020,Eritrea,0,0,0,0
2020,Paraguay,0,0,0,0
2020,United Arab Emirates,0,0,0,0
2020,Afghanistan,0,0,0,0
2020,Mauritius,0,0,0,0
2020,Samoa,0,0,0,0
2020,Serbia,3,1,5,9
2020,Sudan,0,0,0,0
2020,Tajikistan,0,0,0,0
2020,Togo,0,0,0,0
2020,Bahrain,0,1,0,1
2020,Botswana,0,0,1,1
2020,Cyprus,0,0,0,0
2020,Gabon,0,0,0,0
2020,Grenada,0,0,1,1
2020,Guatemala,0,0,0,0
2020,Montenegro,0,0,0,0
2020,Fiji,1,0,1,2
2020,Independent Olympic Athletes,0,0,0,0
2020,Jordan,0,1,1,2
2020,Kosovo,2,0,0,2
2020,Burkina Faso,0,0,1,1
2020,North North Macedonia,0,1,0,1
2020,San Marino,0,1,2,3
2020,Turkmenistan,0,1,0,1
2020,Albania,0,0,0,0
2020,Cabo Verde,0,0,0,0
2020,Dominica,0,0,0,0
2020,Saint Lucia,0,0,0,0
2024,Australia,18,19,16,53
2024,Austria,2,0,3,5
2024,Denmark,2,2,5,9
2024,France,16,26,22,64
2024,Germany,12,13,8,33
2024,Greece,1,1,6,8
2024,Hungary,6,7,6,19
2024,Switzerland,1,2,5,8
2024,United Kingdom,14,22,29,65
2024,United States,40,44,42,126
2024,Belgium,3,1,6,10
2024,Canada,9,7,11,27
2024,Cuba,2,1,6,9
2024,India,0,1,5,6
2024,Italy,12,13,15,40
2024,Luxembourg,0,0,0,0
2024,Netherlands,15,7,12,34
2024,Norway,4,1,3,8
2024,Spain,5,4,9,18
2024,Sweden,4,4,3,11
2024,Finland,0,0,0,0
2024,South Africa,1,3,2,6
2024,Brazil,3,7,10,20
2024,Estonia,0,0,0,0
2024,Japan,20,12,13,45
2024,New Zealand,10,7,3,20
2024,Argentina,1,1,1,3
2024,Haiti,0,0,0,0
2024,Poland,1,4,5,10
2024,Portugal,1,2,1,4
2024,Romania,3,4,2,9
2024,Uruguay,0,0,0,0
2024,Chile,1,1,0,2
2024,Egypt,1,1,1,3
2024,Ireland,4,0,3,7
2024,Philippines,2,0,2,4
2024,Latvia,0,0,0,0
2024,Mexico,0,3,2,5
2024,Turkey,0,3,5,8
2024,Iran,3,6,3,12
2024,Jamaica,1,3,2,6
2024,Panama,0,1,0,1
2024,Peru,0,0,1,1
2024,Puerto Rico,0,0,2,2
2024,South Korea,13,9,10,32
2024,Sri Lanka,0,0,0,0
2024,Trinidad And Tobago,0,0,0,0
2024,Bulgaria,3,1,3,7
2024,Lebanon,0,0,0,0
2024,Venezuela,0,0,0,0
2024,Bahamas,0,0,0,0
2024,Iceland,0,0,0,0
2024,Pakistan,1,0,0,1
2024,United Team Of Germany,0,0,0,0
2024,Chinese Taipei,2,0,5,7
2024,Ethiopia,1,3,0,4
2024,Ghana,0,0,0,0
2024,Iraq,0,0,0,0
2024,Morocco,1,0,1,2
2024,Singapore,0,0,1,1
2024,Kenya,4,2,5,11
2024,Nigeria,0,0,0,0
2024,Tunisia,1,1,1,3
2024,Cameroon,0,0,0,0
2024,East Germany,0,0,0,0
2024,Mongolia,0,1,0,1
2024,Taiwan,0,0,0,0
2024,Uganda,1,1,0,2
2024,Colombia,0,3,1,4
2024,Niger,0,0,0,0
2024,North Korea,0,2,4,6
2024,Bermuda,0,0,0,0
2024,Thailand,1,3,2,6
2024,Guyana,0,0,0,0
2024,Tanzania,0,0,0,0
2024,Zimbabwe,0,0,0,0
2024,Algeria,2,0,1,3
2024,China,40,27,24,91
2024,Dominican Republic,1,0,2,3
2024,Ivory Coast,0,0,1,1
2024,Syria,0,0,0,0
2024,Zambia,0,0,1,1
2024,Costa Rica,0,0,0,0
2024,Djibouti,0,0,0,0
2024,Indonesia,2,0,1,3
2024,Senegal,0,0,0,0
2024,Suriname,0,0,0,0
2024,Virgin Islands,0,0,0,0
2024,Croatia,2,2,3,7
2024,Israel,1,5,1,7
2024,Lithuania,0,2,2,4
2024,Malaysia,0,0,2,2
2024,Namibia,0,0,0,0
2024,Qatar,0,0,1,1
2024,Slovenia,2,1,0,3
2024,Armenia,0,3,1,4
2024,Azerbaijan,2,2,3,7
2024,Belarus,0,0,0,0
2024,Burundi,0,0,0,0
2024,Czech Republic,3,0,2,5
2024,Ecuador,1,2,2,5
2024,Georgia,3,3,1,7
2024,Hong Kong,2,0,2,4
2024,Kazakhstan,1,3,3,7
2024,Moldova,0,1,3,4
2024,Mozambique,0,0,0,0
2024,Serbia And Montenegro,0,0,0,0
2024,Slovakia,0,0,1,1
2024,Tonga,0,0,0,0
2024,Ukraine,3,5,4,12
2024,Uzbekistan,8,2,3,13
2024,Barbados,0,0,0,0
2024,Kuwait,0,0,0,0
2024,Kyrgyzstan,0,2,4,6
2024,North Macedonia,0,0,0,0
2024,Saudi Arabia,0,0,0,0
2024,Vietnam,0,0,0,0
2024,Eritrea,0,0,0,0
2024,Paraguay,0,0,0,0
2024,United Arab Emirates,0,0,0,0
2024,Afghanistan,0,0,0,0
2024,Mauritius,0,0,0,0
2024,Samoa,0,0,0,0
2024,Serbia,3,1,1,5
2024,Sudan,0,0,0,0
2024,Tajikistan,0,0,3,3
2024,Togo,0,0,0,0
2024,Bahrain,2,1,1,4
2024,Botswana,1,1,0,2
2024,Cyprus,0,1,0,1
2024,Gabon,0,0,0,0
2024,Grenada,0,0,2,2
2024,Guatemala,1,0,1,2
2024,Montenegro,0,0,0,0
2024,Fiji,0,1,0,1
2024,Independent Olympic Athletes,0,0,0,0
2024,Jordan,0,1,0,1
2024,Kosovo,0,1,1,2
2024,Burkina Faso,0,0,0,0
2024,North North Macedonia,0,0,0,0
2024,San Marino,0,0,0,0
2024,Turkmenistan,0,0,0,0
2024,Albania,0,0,2,2
2024,Cabo Verde,0,0,1,1
2024,Dominica,1,0,0,1
2024,Saint Lucia,1,1,0,2
